solid OpenSCAD_Model
  facet normal 1.9023737383082916e-19 -0.7071067811865475 0.7071067811865476
    outer loop
      vertex 0 0 2.2
      vertex 62.7 0.7999999999999999 3
      vertex 0.7999999999999999 0.7999999999999999 3
    endloop
  endfacet
  facet normal 0 -0.7071067811865476 0.7071067811865476
    outer loop
      vertex 0 0 2.2
      vertex 63.5 0 2.2
      vertex 62.7 0.7999999999999999 3
    endloop
  endfacet
  facet normal -1.9023737383083655e-19 0.7071067811865487 0.7071067811865464
    outer loop
      vertex 0 63.5 2.2
      vertex 0.7999999999999999 62.7 3
      vertex 62.7 62.7 3
    endloop
  endfacet
  facet normal 0 0.7071067811865488 0.7071067811865465
    outer loop
      vertex 0 63.5 2.2
      vertex 62.7 62.7 3
      vertex 63.5 63.5 2.2
    endloop
  endfacet
  facet normal -0.7071067811865476 0 0.7071067811865476
    outer loop
      vertex 0 0 2.2
      vertex 0.7999999999999999 0.7999999999999999 3
      vertex 0 63.5 2.2
    endloop
  endfacet
  facet normal -0.7071067811865476 0 0.7071067811865477
    outer loop
      vertex 0.7999999999999999 0.7999999999999999 3
      vertex 0.7999999999999999 62.7 3
      vertex 0 63.5 2.2
    endloop
  endfacet
  facet normal 0.7071067811865487 -1.9023737383083655e-19 0.7071067811865464
    outer loop
      vertex 63.5 0 2.2
      vertex 62.7 62.7 3
      vertex 62.7 0.7999999999999999 3
    endloop
  endfacet
  facet normal 0.7071067811865488 0 0.7071067811865465
    outer loop
      vertex 63.5 0 2.2
      vertex 63.5 63.5 2.2
      vertex 62.7 62.7 3
    endloop
  endfacet
  facet normal -1 0 0
    outer loop
      vertex 0 0 0
      vertex 0 0 2.2
      vertex 0 63.5 2.2
    endloop
  endfacet
  facet normal 0 0 1
    outer loop
      vertex 0.7999999999999999 0.7999999999999999 3
      vertex 20.410257021573326 28.31012657453462 3
      vertex 20.12769442722172 29.43817968410888 3
    endloop
  endfacet
  facet normal 0 0 1
    outer loop
      vertex 0.7999999999999999 0.7999999999999999 3
      vertex 21.897085094214837 25.166492738717714 3
      vertex 21.29923301747199 26.16394866861193 3
    endloop
  endfacet
  facet normal 0 0 1
    outer loop
      vertex 0.7999999999999999 0.7999999999999999 3
      vertex 22.589826127651566 24.232439582660803 3
      vertex 21.897085094214837 25.166492738717714 3
    endloop
  endfacet
  facet normal 0 0 1
    outer loop
      vertex 0.7999999999999999 0.7999999999999999 3
      vertex 23.370784642939412 23.370784642939412 3
      vertex 22.589826127651566 24.232439582660803 3
    endloop
  endfacet
  facet normal 0 0 1
    outer loop
      vertex 0.7999999999999999 0.7999999999999999 3
      vertex 21.29923301747199 26.16394866861193 3
      vertex 20.802027539741253 27.215201326473686 3
    endloop
  endfacet
  facet normal 0 0 1
    outer loop
      vertex 0.7999999999999999 0.7999999999999999 3
      vertex 20.802027539741253 27.215201326473686 3
      vertex 20.410257021573326 28.31012657453462 3
    endloop
  endfacet
  facet normal 0 0 1
    outer loop
      vertex 0.7999999999999999 0.7999999999999999 3
      vertex 20.12769442722172 29.43817968410888 3
      vertex 19.957060988934465 30.588496887094706 3
    endloop
  endfacet
  facet normal 0 0 1
    outer loop
      vertex 0.7999999999999999 0.7999999999999999 3
      vertex 19.957060988934465 30.588496887094706 3
      vertex 19.9 31.75 3
    endloop
  endfacet
  facet normal 0 0 1
    outer loop
      vertex 0.7999999999999999 0.7999999999999999 3
      vertex 19.9 31.75 3
      vertex 19.957060988934465 32.911503112905294 3
    endloop
  endfacet
  facet normal 0 0 1
    outer loop
      vertex 0.7999999999999999 0.7999999999999999 3
      vertex 19.957060988934465 32.911503112905294 3
      vertex 20.12769442722172 34.06182031589112 3
    endloop
  endfacet
  facet normal 0 0 1
    outer loop
      vertex 0.7999999999999999 0.7999999999999999 3
      vertex 20.12769442722172 34.06182031589112 3
      vertex 20.410257021573326 35.18987342546538 3
    endloop
  endfacet
  facet normal 0 0 1
    outer loop
      vertex 0.7999999999999999 0.7999999999999999 3
      vertex 20.410257021573326 35.18987342546538 3
      vertex 20.802027539741253 36.28479867352631 3
    endloop
  endfacet
  facet normal 0 -1 0
    outer loop
      vertex 0 0 0
      vertex 63.5 0 0
      vertex 0 0 2.2
    endloop
  endfacet
  facet normal 0 0 1
    outer loop
      vertex 0.7999999999999999 0.7999999999999999 3
      vertex 24.232439582660803 22.589826127651566 3
      vertex 23.370784642939412 23.370784642939412 3
    endloop
  endfacet
  facet normal 0 0 1
    outer loop
      vertex 0.7999999999999999 0.7999999999999999 3
      vertex 25.166492738717714 21.897085094214837 3
      vertex 24.232439582660803 22.589826127651566 3
    endloop
  endfacet
  facet normal 0 0 1
    outer loop
      vertex 0.7999999999999999 0.7999999999999999 3
      vertex 26.16394866861193 21.29923301747199 3
      vertex 25.166492738717714 21.897085094214837 3
    endloop
  endfacet
  facet normal 0 0 1
    outer loop
      vertex 0.7999999999999999 0.7999999999999999 3
      vertex 29.43817968410888 20.12769442722172 3
      vertex 28.31012657453462 20.410257021573326 3
    endloop
  endfacet
  facet normal 0 0 1
    outer loop
      vertex 0.7999999999999999 0.7999999999999999 3
      vertex 27.215201326473686 20.802027539741253 3
      vertex 26.16394866861193 21.29923301747199 3
    endloop
  endfacet
  facet normal 0 0 1
    outer loop
      vertex 0.7999999999999999 0.7999999999999999 3
      vertex 28.31012657453462 20.410257021573326 3
      vertex 27.215201326473686 20.802027539741253 3
    endloop
  endfacet
  facet normal 0 0 1
    outer loop
      vertex 0.7999999999999999 0.7999999999999999 3
      vertex 30.588496887094706 19.957060988934465 3
      vertex 29.43817968410888 20.12769442722172 3
    endloop
  endfacet
  facet normal 0 0 1
    outer loop
      vertex 0.7999999999999999 0.7999999999999999 3
      vertex 31.75 19.9 3
      vertex 30.588496887094706 19.957060988934465 3
    endloop
  endfacet
  facet normal 0 0 1
    outer loop
      vertex 0.7999999999999999 0.7999999999999999 3
      vertex 32.911503112905294 19.957060988934465 3
      vertex 31.75 19.9 3
    endloop
  endfacet
  facet normal 0 0 1
    outer loop
      vertex 0.7999999999999999 0.7999999999999999 3
      vertex 34.06182031589112 20.12769442722172 3
      vertex 32.911503112905294 19.957060988934465 3
    endloop
  endfacet
  facet normal 0 0 1
    outer loop
      vertex 0.7999999999999999 0.7999999999999999 3
      vertex 35.18987342546538 20.410257021573326 3
      vertex 34.06182031589112 20.12769442722172 3
    endloop
  endfacet
  facet normal 0 0 1
    outer loop
      vertex 31.70357505349131 31.769229842476346 3
      vertex 31.769229842476346 31.70357505349131 3
      vertex 31.705683456466495 31.773687686025507 3
    endloop
  endfacet
  facet normal 0 0 1
    outer loop
      vertex 31.70357505349131 31.769229842476346 3
      vertex 31.764586805032035 31.701913748129456 3
      vertex 31.769229842476346 31.70357505349131 3
    endloop
  endfacet
  facet normal 0 0 1
    outer loop
      vertex 31.70357505349131 31.769229842476346 3
      vertex 31.75980328868131 31.70071553965974 3
      vertex 31.764586805032035 31.701913748129456 3
    endloop
  endfacet
  facet normal 0 0 1
    outer loop
      vertex 31.701913748129456 31.764586805032035 3
      vertex 31.75980328868131 31.70071553965974 3
      vertex 31.70357505349131 31.769229842476346 3
    endloop
  endfacet
  facet normal 0 0 1
    outer loop
      vertex 31.70071553965974 31.75980328868131 3
      vertex 31.75980328868131 31.70071553965974 3
      vertex 31.701913748129456 31.764586805032035 3
    endloop
  endfacet
  facet normal 0 0 1
    outer loop
      vertex 31.70071553965974 31.75980328868131 3
      vertex 31.75492536130156 31.699991967484724 3
      vertex 31.75980328868131 31.70071553965974 3
    endloop
  endfacet
  facet normal 0 0 1
    outer loop
      vertex 31.75 31.69975 3
      vertex 31.75492536130156 31.699991967484724 3
      vertex 31.70071553965974 31.75980328868131 3
    endloop
  endfacet
  facet normal 0 0 1
    outer loop
      vertex 31.75 31.69975 3
      vertex 31.70071553965974 31.75980328868131 3
      vertex 31.699991967484724 31.75492536130156 3
    endloop
  endfacet
  facet normal 0 0 1
    outer loop
      vertex 31.75 31.69975 3
      vertex 31.699991967484724 31.75492536130156 3
      vertex 31.69975 31.75 3
    endloop
  endfacet
  facet normal 0 0 1
    outer loop
      vertex 31.74507463869844 31.699991967484724 3
      vertex 31.75 31.69975 3
      vertex 31.69975 31.75 3
    endloop
  endfacet
  facet normal 0 0 1
    outer loop
      vertex 31.74019671131869 31.70071553965974 3
      vertex 31.74507463869844 31.699991967484724 3
      vertex 31.69975 31.75 3
    endloop
  endfacet
  facet normal 0 0 1
    outer loop
      vertex 31.735413194967965 31.701913748129456 3
      vertex 31.74019671131869 31.70071553965974 3
      vertex 31.69975 31.75 3
    endloop
  endfacet
  facet normal 0 0 1
    outer loop
      vertex 31.699991967484724 31.74507463869844 3
      vertex 31.735413194967965 31.701913748129456 3
      vertex 31.69975 31.75 3
    endloop
  endfacet
  facet normal 0 0 1
    outer loop
      vertex 31.699991967484724 31.74507463869844 3
      vertex 31.730770157523654 31.70357505349131 3
      vertex 31.735413194967965 31.701913748129456 3
    endloop
  endfacet
  facet normal 0 0 1
    outer loop
      vertex 31.70071553965974 31.74019671131869 3
      vertex 31.730770157523654 31.70357505349131 3
      vertex 31.699991967484724 31.74507463869844 3
    endloop
  endfacet
  facet normal 0 0 1
    outer loop
      vertex 31.701913748129456 31.735413194967965 3
      vertex 31.730770157523654 31.70357505349131 3
      vertex 31.70071553965974 31.74019671131869 3
    endloop
  endfacet
  facet normal 0 0 1
    outer loop
      vertex 31.70357505349131 31.730770157523654 3
      vertex 31.730770157523654 31.70357505349131 3
      vertex 31.701913748129456 31.735413194967965 3
    endloop
  endfacet
  facet normal 0 0 1
    outer loop
      vertex 31.70357505349131 31.730770157523654 3
      vertex 31.726312313974493 31.705683456466495 3
      vertex 31.730770157523654 31.70357505349131 3
    endloop
  endfacet
  facet normal 0 0 1
    outer loop
      vertex 31.705683456466495 31.726312313974493 3
      vertex 31.726312313974493 31.705683456466495 3
      vertex 31.70357505349131 31.730770157523654 3
    endloop
  endfacet
  facet normal 0 0 1
    outer loop
      vertex 31.705683456466495 31.726312313974493 3
      vertex 31.722082595790766 31.7082186519818 3
      vertex 31.726312313974493 31.705683456466495 3
    endloop
  endfacet
  facet normal 0 0 1
    outer loop
      vertex 31.705683456466495 31.726312313974493 3
      vertex 31.7082186519818 31.722082595790766 3
      vertex 31.722082595790766 31.7082186519818 3
    endloop
  endfacet
  facet normal 0 0 1
    outer loop
      vertex 31.718121737470778 31.711156224718522 3
      vertex 31.722082595790766 31.7082186519818 3
      vertex 31.7082186519818 31.722082595790766 3
    endloop
  endfacet
  facet normal 0 0 1
    outer loop
      vertex 31.714467884245376 31.714467884245376 3
      vertex 31.7082186519818 31.722082595790766 3
      vertex 31.711156224718522 31.718121737470778 3
    endloop
  endfacet
  facet normal 0 0 1
    outer loop
      vertex 31.714467884245376 31.714467884245376 3
      vertex 31.718121737470778 31.711156224718522 3
      vertex 31.7082186519818 31.722082595790766 3
    endloop
  endfacet
  facet normal -1 0 0
    outer loop
      vertex 0 0 0
      vertex 0 63.5 2.2
      vertex 0 63.5 0
    endloop
  endfacet
  facet normal 0 0 1
    outer loop
      vertex 0.7999999999999999 0.7999999999999999 3
      vertex 20.802027539741253 36.28479867352631 3
      vertex 0.7999999999999999 62.7 3
    endloop
  endfacet
  facet normal 0 0 1
    outer loop
      vertex 0.7999999999999999 62.7 3
      vertex 20.802027539741253 36.28479867352631 3
      vertex 21.29923301747199 37.33605133138807 3
    endloop
  endfacet
  facet normal 0 0 1
    outer loop
      vertex 0.7999999999999999 62.7 3
      vertex 21.29923301747199 37.33605133138807 3
      vertex 21.897085094214837 38.333507261282286 3
    endloop
  endfacet
  facet normal 0 0 1
    outer loop
      vertex 0.7999999999999999 62.7 3
      vertex 21.897085094214837 38.333507261282286 3
      vertex 22.589826127651566 39.2675604173392 3
    endloop
  endfacet
  facet normal 0 0 1
    outer loop
      vertex 0.7999999999999999 62.7 3
      vertex 22.589826127651566 39.2675604173392 3
      vertex 23.370784642939412 40.12921535706059 3
    endloop
  endfacet
  facet normal 0 0 -1
    outer loop
      vertex 0 0 0
      vertex 0 63.5 0
      vertex 63.5 63.5 0
    endloop
  endfacet
  facet normal 0 0 1
    outer loop
      vertex 31.711156224718522 31.781878262529222 3
      vertex 31.777917404209234 31.7082186519818 3
      vertex 31.714467884245376 31.785532115754624 3
    endloop
  endfacet
  facet normal 0 0 1
    outer loop
      vertex 31.7082186519818 31.777917404209234 3
      vertex 31.773687686025507 31.705683456466495 3
      vertex 31.711156224718522 31.781878262529222 3
    endloop
  endfacet
  facet normal 0 0 1
    outer loop
      vertex 31.705683456466495 31.773687686025507 3
      vertex 31.769229842476346 31.70357505349131 3
      vertex 31.7082186519818 31.777917404209234 3
    endloop
  endfacet
  facet normal 0 0 1
    outer loop
      vertex 31.714467884245376 31.785532115754624 3
      vertex 31.785532115754627 31.714467884245376 3
      vertex 31.718121737470774 31.788843775281478 3
    endloop
  endfacet
  facet normal 0 0 1
    outer loop
      vertex 31.785532115754627 31.714467884245376 3
      vertex 31.722082595790766 31.7917813480182 3
      vertex 31.718121737470774 31.788843775281478 3
    endloop
  endfacet
  facet normal 0 0 1
    outer loop
      vertex 31.785532115754627 31.714467884245376 3
      vertex 31.726312313974496 31.794316543533505 3
      vertex 31.722082595790766 31.7917813480182 3
    endloop
  endfacet
  facet normal 0 0 1
    outer loop
      vertex 31.726312313974496 31.794316543533505 3
      vertex 31.788843775281478 31.718121737470774 3
      vertex 31.730770157523654 31.796424946508694 3
    endloop
  endfacet
  facet normal 0 1 0
    outer loop
      vertex 0 63.5 0
      vertex 0 63.5 2.2
      vertex 63.5 63.5 2.2
    endloop
  endfacet
  facet normal 0 0 1
    outer loop
      vertex 0.7999999999999999 62.7 3
      vertex 23.370784642939412 40.12921535706059 3
      vertex 24.232439582660803 40.91017387234844 3
    endloop
  endfacet
  facet normal 0 0 1
    outer loop
      vertex 0.7999999999999999 62.7 3
      vertex 24.232439582660803 40.91017387234844 3
      vertex 25.166492738717714 41.60291490578516 3
    endloop
  endfacet
  facet normal 0 0 1
    outer loop
      vertex 0.7999999999999999 62.7 3
      vertex 25.166492738717714 41.60291490578516 3
      vertex 26.16394866861193 42.20076698252801 3
    endloop
  endfacet
  facet normal 0 0 1
    outer loop
      vertex 0.7999999999999999 62.7 3
      vertex 26.16394866861193 42.20076698252801 3
      vertex 27.215201326473686 42.69797246025875 3
    endloop
  endfacet
  facet normal 0 0 1
    outer loop
      vertex 0.7999999999999999 62.7 3
      vertex 27.215201326473686 42.69797246025875 3
      vertex 28.31012657453462 43.08974297842667 3
    endloop
  endfacet
  facet normal 0 0 1
    outer loop
      vertex 0.7999999999999999 62.7 3
      vertex 28.31012657453462 43.08974297842667 3
      vertex 62.7 62.7 3
    endloop
  endfacet
  facet normal 0 -1 0
    outer loop
      vertex 0 0 2.2
      vertex 63.5 0 0
      vertex 63.5 0 2.2
    endloop
  endfacet
  facet normal 0 0 1
    outer loop
      vertex 0.7999999999999999 0.7999999999999999 3
      vertex 62.7 0.7999999999999999 3
      vertex 35.18987342546538 20.410257021573326 3
    endloop
  endfacet
  facet normal 0 0 1
    outer loop
      vertex 62.7 0.7999999999999999 3
      vertex 36.28479867352631 20.802027539741253 3
      vertex 35.18987342546538 20.410257021573326 3
    endloop
  endfacet
  facet normal 0 0 1
    outer loop
      vertex 62.7 0.7999999999999999 3
      vertex 37.33605133138807 21.29923301747199 3
      vertex 36.28479867352631 20.802027539741253 3
    endloop
  endfacet
  facet normal 0 0 1
    outer loop
      vertex 62.7 0.7999999999999999 3
      vertex 38.333507261282286 21.897085094214837 3
      vertex 37.33605133138807 21.29923301747199 3
    endloop
  endfacet
  facet normal 0 0 1
    outer loop
      vertex 62.7 0.7999999999999999 3
      vertex 39.2675604173392 22.589826127651566 3
      vertex 38.333507261282286 21.897085094214837 3
    endloop
  endfacet
  facet normal 0 0 1
    outer loop
      vertex 62.7 0.7999999999999999 3
      vertex 40.12921535706059 23.370784642939412 3
      vertex 39.2675604173392 22.589826127651566 3
    endloop
  endfacet
  facet normal 0 0 -1
    outer loop
      vertex 0 0 0
      vertex 63.5 63.5 0
      vertex 63.5 0 0
    endloop
  endfacet
  facet normal 0 0 1
    outer loop
      vertex 31.714467884245376 31.785532115754624 3
      vertex 31.781878262529222 31.711156224718522 3
      vertex 31.785532115754627 31.714467884245376 3
    endloop
  endfacet
  facet normal 0 0 1
    outer loop
      vertex 31.714467884245376 31.785532115754624 3
      vertex 31.777917404209234 31.7082186519818 3
      vertex 31.781878262529222 31.711156224718522 3
    endloop
  endfacet
  facet normal 0 0 1
    outer loop
      vertex 31.711156224718522 31.781878262529222 3
      vertex 31.773687686025507 31.705683456466495 3
      vertex 31.777917404209234 31.7082186519818 3
    endloop
  endfacet
  facet normal 0 0 1
    outer loop
      vertex 31.7082186519818 31.777917404209234 3
      vertex 31.769229842476346 31.70357505349131 3
      vertex 31.773687686025507 31.705683456466495 3
    endloop
  endfacet
  facet normal 0 0 1
    outer loop
      vertex 31.785532115754627 31.714467884245376 3
      vertex 31.788843775281478 31.718121737470774 3
      vertex 31.726312313974496 31.794316543533505 3
    endloop
  endfacet
  facet normal 0 0 1
    outer loop
      vertex 31.735413194967965 31.79808625187054 3
      vertex 31.788843775281478 31.718121737470774 3
      vertex 31.7917813480182 31.722082595790766 3
    endloop
  endfacet
  facet normal 0 0 1
    outer loop
      vertex 31.740196711318692 31.79928446034026 3
      vertex 31.7917813480182 31.722082595790766 3
      vertex 31.794316543533505 31.726312313974496 3
    endloop
  endfacet
  facet normal 1 0 0
    outer loop
      vertex 63.5 0 0
      vertex 63.5 63.5 0
      vertex 63.5 0 2.2
    endloop
  endfacet
  facet normal 0 0 1
    outer loop
      vertex 62.7 0.7999999999999999 3
      vertex 40.91017387234844 24.232439582660803 3
      vertex 40.12921535706059 23.370784642939412 3
    endloop
  endfacet
  facet normal 0 0 1
    outer loop
      vertex 62.7 0.7999999999999999 3
      vertex 41.60291490578516 25.166492738717714 3
      vertex 40.91017387234844 24.232439582660803 3
    endloop
  endfacet
  facet normal 0 0 1
    outer loop
      vertex 62.7 0.7999999999999999 3
      vertex 42.20076698252801 26.16394866861193 3
      vertex 41.60291490578516 25.166492738717714 3
    endloop
  endfacet
  facet normal 0 0 1
    outer loop
      vertex 62.7 0.7999999999999999 3
      vertex 42.69797246025875 27.215201326473686 3
      vertex 42.20076698252801 26.16394866861193 3
    endloop
  endfacet
  facet normal 0 0 1
    outer loop
      vertex 62.7 0.7999999999999999 3
      vertex 62.7 62.7 3
      vertex 42.69797246025875 27.215201326473686 3
    endloop
  endfacet
  facet normal 0 0 1
    outer loop
      vertex 31.730770157523654 31.796424946508694 3
      vertex 31.788843775281478 31.718121737470774 3
      vertex 31.735413194967965 31.79808625187054 3
    endloop
  endfacet
  facet normal 0 0 1
    outer loop
      vertex 31.735413194967965 31.79808625187054 3
      vertex 31.7917813480182 31.722082595790766 3
      vertex 31.740196711318692 31.79928446034026 3
    endloop
  endfacet
  facet normal 0 0 1
    outer loop
      vertex 31.740196711318692 31.79928446034026 3
      vertex 31.794316543533505 31.726312313974496 3
      vertex 31.74507463869844 31.800008032515276 3
    endloop
  endfacet
  facet normal 0 0 1
    outer loop
      vertex 31.74507463869844 31.800008032515276 3
      vertex 31.794316543533505 31.726312313974496 3
      vertex 31.796424946508694 31.730770157523654 3
    endloop
  endfacet
  facet normal 0 0 1
    outer loop
      vertex 31.74507463869844 31.800008032515276 3
      vertex 31.796424946508694 31.730770157523654 3
      vertex 31.79808625187054 31.735413194967965 3
    endloop
  endfacet
  facet normal 0 0 1
    outer loop
      vertex 31.74507463869844 31.800008032515276 3
      vertex 31.79808625187054 31.735413194967965 3
      vertex 31.75 31.80025 3
    endloop
  endfacet
  facet normal 0 0 1
    outer loop
      vertex 31.75 31.80025 3
      vertex 31.79808625187054 31.735413194967965 3
      vertex 31.75492536130156 31.80000803251528 3
    endloop
  endfacet
  facet normal 0 0 1
    outer loop
      vertex 31.79808625187054 31.735413194967965 3
      vertex 31.79928446034026 31.740196711318692 3
      vertex 31.75492536130156 31.80000803251528 3
    endloop
  endfacet
  facet normal 0 0 1
    outer loop
      vertex 31.79928446034026 31.740196711318692 3
      vertex 31.75980328868131 31.799284460340264 3
      vertex 31.75492536130156 31.80000803251528 3
    endloop
  endfacet
  facet normal 0 0 1
    outer loop
      vertex 31.79928446034026 31.740196711318692 3
      vertex 31.764586805032035 31.798086251870544 3
      vertex 31.75980328868131 31.799284460340264 3
    endloop
  endfacet
  facet normal 0 0 1
    outer loop
      vertex 31.79928446034026 31.740196711318692 3
      vertex 31.800008032515276 31.74507463869844 3
      vertex 31.764586805032035 31.798086251870544 3
    endloop
  endfacet
  facet normal 0 0 1
    outer loop
      vertex 31.800008032515276 31.74507463869844 3
      vertex 31.80025 31.75 3
      vertex 31.764586805032035 31.798086251870544 3
    endloop
  endfacet
  facet normal 0 0 1
    outer loop
      vertex 31.764586805032035 31.798086251870544 3
      vertex 31.80025 31.75 3
      vertex 31.769229842476346 31.796424946508694 3
    endloop
  endfacet
  facet normal 0 0 1
    outer loop
      vertex 31.769229842476346 31.796424946508694 3
      vertex 31.80025 31.75 3
      vertex 31.773687686025504 31.794316543533505 3
    endloop
  endfacet
  facet normal 0 0 1
    outer loop
      vertex 31.773687686025504 31.794316543533505 3
      vertex 31.80025 31.75 3
      vertex 31.80000803251528 31.75492536130156 3
    endloop
  endfacet
  facet normal 0 0 1
    outer loop
      vertex 31.777917404209234 31.791781348018205 3
      vertex 31.773687686025504 31.794316543533505 3
      vertex 31.80000803251528 31.75492536130156 3
    endloop
  endfacet
  facet normal 0 0 1
    outer loop
      vertex 31.777917404209234 31.791781348018205 3
      vertex 31.80000803251528 31.75492536130156 3
      vertex 31.799284460340264 31.75980328868131 3
    endloop
  endfacet
  facet normal 0 0 1
    outer loop
      vertex 31.777917404209234 31.791781348018205 3
      vertex 31.799284460340264 31.75980328868131 3
      vertex 31.781878262529222 31.788843775281478 3
    endloop
  endfacet
  facet normal 0 0 1
    outer loop
      vertex 31.781878262529222 31.788843775281478 3
      vertex 31.799284460340264 31.75980328868131 3
      vertex 31.78553211575462 31.78553211575462 3
    endloop
  endfacet
  facet normal 0 0 1
    outer loop
      vertex 31.78553211575462 31.78553211575462 3
      vertex 31.799284460340264 31.75980328868131 3
      vertex 31.798086251870544 31.764586805032035 3
    endloop
  endfacet
  facet normal 0 0 1
    outer loop
      vertex 31.78553211575462 31.78553211575462 3
      vertex 31.798086251870544 31.764586805032035 3
      vertex 31.796424946508694 31.769229842476346 3
    endloop
  endfacet
  facet normal 0 0 1
    outer loop
      vertex 31.794316543533505 31.773687686025504 3
      vertex 31.78553211575462 31.78553211575462 3
      vertex 31.796424946508694 31.769229842476346 3
    endloop
  endfacet
  facet normal 0 0 1
    outer loop
      vertex 31.791781348018205 31.777917404209234 3
      vertex 31.788843775281478 31.781878262529222 3
      vertex 31.78553211575462 31.78553211575462 3
    endloop
  endfacet
  facet normal 0 0 1
    outer loop
      vertex 31.794316543533505 31.773687686025504 3
      vertex 31.791781348018205 31.777917404209234 3
      vertex 31.78553211575462 31.78553211575462 3
    endloop
  endfacet
  facet normal 0 1 0
    outer loop
      vertex 0 63.5 0
      vertex 63.5 63.5 2.2
      vertex 63.5 63.5 0
    endloop
  endfacet
  facet normal 0 0 1
    outer loop
      vertex 62.7 62.7 3
      vertex 28.31012657453462 43.08974297842667 3
      vertex 29.43817968410888 43.37230557277828 3
    endloop
  endfacet
  facet normal 0 0 1
    outer loop
      vertex 62.7 62.7 3
      vertex 29.43817968410888 43.37230557277828 3
      vertex 30.588496887094706 43.542939011065535 3
    endloop
  endfacet
  facet normal 0 0 1
    outer loop
      vertex 62.7 62.7 3
      vertex 30.588496887094706 43.542939011065535 3
      vertex 31.75 43.6 3
    endloop
  endfacet
  facet normal 0 0 1
    outer loop
      vertex 62.7 62.7 3
      vertex 31.75 43.6 3
      vertex 32.911503112905294 43.542939011065535 3
    endloop
  endfacet
  facet normal 0 0 1
    outer loop
      vertex 62.7 62.7 3
      vertex 32.911503112905294 43.542939011065535 3
      vertex 34.06182031589112 43.37230557277828 3
    endloop
  endfacet
  facet normal 0 0 1
    outer loop
      vertex 62.7 62.7 3
      vertex 35.18987342546538 43.08974297842667 3
      vertex 36.28479867352631 42.69797246025875 3
    endloop
  endfacet
  facet normal 0 0 1
    outer loop
      vertex 62.7 62.7 3
      vertex 36.28479867352631 42.69797246025875 3
      vertex 37.33605133138807 42.20076698252801 3
    endloop
  endfacet
  facet normal 0 0 1
    outer loop
      vertex 62.7 62.7 3
      vertex 34.06182031589112 43.37230557277828 3
      vertex 35.18987342546538 43.08974297842667 3
    endloop
  endfacet
  facet normal 0 0 1
    outer loop
      vertex 62.7 62.7 3
      vertex 37.33605133138807 42.20076698252801 3
      vertex 38.333507261282286 41.60291490578516 3
    endloop
  endfacet
  facet normal 0 0 1
    outer loop
      vertex 62.7 62.7 3
      vertex 38.333507261282286 41.60291490578516 3
      vertex 39.2675604173392 40.91017387234844 3
    endloop
  endfacet
  facet normal 0 0 1
    outer loop
      vertex 62.7 62.7 3
      vertex 39.2675604173392 40.91017387234844 3
      vertex 40.12921535706059 40.12921535706059 3
    endloop
  endfacet
  facet normal 1 0 0
    outer loop
      vertex 63.5 0 2.2
      vertex 63.5 63.5 0
      vertex 63.5 63.5 2.2
    endloop
  endfacet
  facet normal 0 0 1
    outer loop
      vertex 62.7 62.7 3
      vertex 43.08974297842667 28.31012657453462 3
      vertex 42.69797246025875 27.215201326473686 3
    endloop
  endfacet
  facet normal 0 0 1
    outer loop
      vertex 62.7 62.7 3
      vertex 43.37230557277828 29.43817968410888 3
      vertex 43.08974297842667 28.31012657453462 3
    endloop
  endfacet
  facet normal 0 0 1
    outer loop
      vertex 62.7 62.7 3
      vertex 43.542939011065535 30.588496887094706 3
      vertex 43.37230557277828 29.43817968410888 3
    endloop
  endfacet
  facet normal 0 0 1
    outer loop
      vertex 62.7 62.7 3
      vertex 43.6 31.75 3
      vertex 43.542939011065535 30.588496887094706 3
    endloop
  endfacet
  facet normal 0 0 1
    outer loop
      vertex 62.7 62.7 3
      vertex 43.542939011065535 32.911503112905294 3
      vertex 43.6 31.75 3
    endloop
  endfacet
  facet normal 0 0 1
    outer loop
      vertex 62.7 62.7 3
      vertex 43.37230557277828 34.06182031589112 3
      vertex 43.542939011065535 32.911503112905294 3
    endloop
  endfacet
  facet normal 0 0 1
    outer loop
      vertex 62.7 62.7 3
      vertex 42.69797246025875 36.28479867352631 3
      vertex 43.08974297842667 35.18987342546538 3
    endloop
  endfacet
  facet normal 0 0 1
    outer loop
      vertex 62.7 62.7 3
      vertex 42.20076698252801 37.33605133138807 3
      vertex 42.69797246025875 36.28479867352631 3
    endloop
  endfacet
  facet normal 0 0 1
    outer loop
      vertex 62.7 62.7 3
      vertex 40.12921535706059 40.12921535706059 3
      vertex 40.91017387234844 39.2675604173392 3
    endloop
  endfacet
  facet normal 0 0 1
    outer loop
      vertex 62.7 62.7 3
      vertex 40.91017387234844 39.2675604173392 3
      vertex 41.60291490578516 38.333507261282286 3
    endloop
  endfacet
  facet normal 0 0 1
    outer loop
      vertex 62.7 62.7 3
      vertex 41.60291490578516 38.333507261282286 3
      vertex 42.20076698252801 37.33605133138807 3
    endloop
  endfacet
  facet normal 0 0 1
    outer loop
      vertex 62.7 62.7 3
      vertex 43.08974297842667 35.18987342546538 3
      vertex 43.37230557277828 34.06182031589112 3
    endloop
  endfacet
  facet normal -0.740951125354959 -0.6715589548470186 0
    outer loop
      vertex 23.370784642939412 23.370784642939412 9.79
      vertex 22.589826127651566 24.232439582660803 3
      vertex 23.370784642939412 23.370784642939412 3
    endloop
  endfacet
  facet normal -0.8577286100002722 -0.5141027441932214 0
    outer loop
      vertex 21.897085094214837 25.166492738717714 9.79
      vertex 21.29923301747199 26.16394866861193 3
      vertex 21.897085094214837 25.166492738717714 3
    endloop
  endfacet
  facet normal -0.9415440651830207 -0.3368898533922202 0
    outer loop
      vertex 20.802027539741253 27.215201326473686 9.79
      vertex 20.410257021573326 28.31012657453462 3
      vertex 20.802027539741253 27.215201326473686 3
    endloop
  endfacet
  facet normal -0.903989293123444 -0.4275550934302806 0
    outer loop
      vertex 21.29923301747199 26.16394866861193 9.79
      vertex 20.802027539741253 27.215201326473686 3
      vertex 21.29923301747199 26.16394866861193 3
    endloop
  endfacet
  facet normal -0.8032075314806444 -0.595699304492434 0
    outer loop
      vertex 22.589826127651566 24.232439582660803 9.79
      vertex 21.897085094214837 25.166492738717714 3
      vertex 22.589826127651566 24.232439582660803 3
    endloop
  endfacet
  facet normal -0.9700312531945439 -0.24298017990326426 0
    outer loop
      vertex 20.410257021573326 28.31012657453462 9.79
      vertex 20.12769442722172 29.43817968410888 3
      vertex 20.410257021573326 28.31012657453462 3
    endloop
  endfacet
  facet normal -0.9891765099647808 -0.14673047445536352 0
    outer loop
      vertex 20.12769442722172 29.43817968410888 9.79
      vertex 19.957060988934465 30.588496887094706 3
      vertex 20.12769442722172 29.43817968410888 3
    endloop
  endfacet
  facet normal -0.9987954562051724 -0.04906767432741778 0
    outer loop
      vertex 19.957060988934465 30.588496887094706 9.79
      vertex 19.9 31.75 3
      vertex 19.957060988934465 30.588496887094706 3
    endloop
  endfacet
  facet normal -0.6715589548470186 -0.740951125354959 0
    outer loop
      vertex 24.232439582660803 22.589826127651566 9.79
      vertex 23.370784642939412 23.370784642939412 3
      vertex 24.232439582660803 22.589826127651566 3
    endloop
  endfacet
  facet normal -0.595699304492434 -0.8032075314806444 0
    outer loop
      vertex 25.166492738717714 21.897085094214837 9.79
      vertex 24.232439582660803 22.589826127651566 3
      vertex 25.166492738717714 21.897085094214837 3
    endloop
  endfacet
  facet normal -0.5141027441932214 -0.8577286100002722 0
    outer loop
      vertex 26.16394866861193 21.29923301747199 9.79
      vertex 25.166492738717714 21.897085094214837 3
      vertex 26.16394866861193 21.29923301747199 3
    endloop
  endfacet
  facet normal -0.4275550934302806 -0.903989293123444 0
    outer loop
      vertex 27.215201326473686 20.802027539741253 9.79
      vertex 26.16394866861193 21.29923301747199 3
      vertex 27.215201326473686 20.802027539741253 3
    endloop
  endfacet
  facet normal -0.3368898533922202 -0.9415440651830207 0
    outer loop
      vertex 28.31012657453462 20.410257021573326 9.79
      vertex 27.215201326473686 20.802027539741253 3
      vertex 28.31012657453462 20.410257021573326 3
    endloop
  endfacet
  facet normal -0.24298017990326426 -0.9700312531945439 0
    outer loop
      vertex 29.43817968410888 20.12769442722172 9.79
      vertex 28.31012657453462 20.410257021573326 3
      vertex 29.43817968410888 20.12769442722172 3
    endloop
  endfacet
  facet normal -0.14673047445536352 -0.9891765099647808 0
    outer loop
      vertex 30.588496887094706 19.957060988934465 9.79
      vertex 29.43817968410888 20.12769442722172 3
      vertex 30.588496887094706 19.957060988934465 3
    endloop
  endfacet
  facet normal -0.04906767432741778 -0.9987954562051724 0
    outer loop
      vertex 31.75 19.9 9.79
      vertex 30.588496887094706 19.957060988934465 3
      vertex 31.75 19.9 3
    endloop
  endfacet
  facet normal -0.6715589548470186 -0.740951125354959 -6.885540259373165e-18
    outer loop
      vertex 24.232439582660803 22.589826127651566 9.79
      vertex 23.370784642939412 23.370784642939412 9.79
      vertex 23.370784642939412 23.370784642939412 3
    endloop
  endfacet
  facet normal -0.8577286100002722 -0.5141027441932214 4.7882974403148284e-18
    outer loop
      vertex 21.897085094214837 25.166492738717714 9.79
      vertex 21.29923301747199 26.16394866861193 9.79
      vertex 21.29923301747199 26.16394866861193 3
    endloop
  endfacet
  facet normal -0.903989293123444 -0.4275550934302806 6.354046022023868e-19
    outer loop
      vertex 21.29923301747199 26.16394866861193 9.79
      vertex 20.802027539741253 27.215201326473686 9.79
      vertex 20.802027539741253 27.215201326473686 3
    endloop
  endfacet
  facet normal -0.8032075314806444 -0.595699304492434 6.277491835153392e-18
    outer loop
      vertex 22.589826127651566 24.232439582660803 9.79
      vertex 21.897085094214837 25.166492738717714 9.79
      vertex 21.897085094214837 25.166492738717714 3
    endloop
  endfacet
  facet normal -0.740951125354959 -0.6715589548470186 0
    outer loop
      vertex 22.589826127651566 24.232439582660803 9.79
      vertex 22.589826127651566 24.232439582660803 3
      vertex 23.370784642939412 23.370784642939412 9.79
    endloop
  endfacet
  facet normal -0.9415440651830207 -0.3368898533922202 1.0202708239583206e-18
    outer loop
      vertex 20.802027539741253 27.215201326473686 9.79
      vertex 20.410257021573326 28.31012657453462 9.79
      vertex 20.410257021573326 28.31012657453462 3
    endloop
  endfacet
  facet normal -0.9700312531945439 -0.24298017990326426 -2.745256478047578e-19
    outer loop
      vertex 20.410257021573326 28.31012657453462 9.79
      vertex 20.12769442722172 29.43817968410888 9.79
      vertex 20.12769442722172 29.43817968410888 3
    endloop
  endfacet
  facet normal -0.9891765099647808 -0.14673047445536352 8.331012635203645e-19
    outer loop
      vertex 20.12769442722172 29.43817968410888 9.79
      vertex 19.957060988934465 30.588496887094706 9.79
      vertex 19.957060988934465 30.588496887094706 3
    endloop
  endfacet
  facet normal -0.9987954562051724 -0.04906767432741778 5.4424868492260295e-19
    outer loop
      vertex 19.957060988934465 30.588496887094706 9.79
      vertex 19.9 31.75 9.79
      vertex 19.9 31.75 3
    endloop
  endfacet
  facet normal -0.5141027441932214 -0.8577286100002722 0
    outer loop
      vertex 25.166492738717714 21.897085094214837 9.79
      vertex 25.166492738717714 21.897085094214837 3
      vertex 26.16394866861193 21.29923301747199 9.79
    endloop
  endfacet
  facet normal -0.595699304492434 -0.8032075314806444 0
    outer loop
      vertex 24.232439582660803 22.589826127651566 9.79
      vertex 24.232439582660803 22.589826127651566 3
      vertex 25.166492738717714 21.897085094214837 9.79
    endloop
  endfacet
  facet normal -0.4275550934302806 -0.903989293123444 0
    outer loop
      vertex 26.16394866861193 21.29923301747199 9.79
      vertex 26.16394866861193 21.29923301747199 3
      vertex 27.215201326473686 20.802027539741253 9.79
    endloop
  endfacet
  facet normal -0.3368898533922202 -0.9415440651830207 0
    outer loop
      vertex 27.215201326473686 20.802027539741253 9.79
      vertex 27.215201326473686 20.802027539741253 3
      vertex 28.31012657453462 20.410257021573326 9.79
    endloop
  endfacet
  facet normal -0.24298017990326426 -0.9700312531945439 0
    outer loop
      vertex 28.31012657453462 20.410257021573326 9.79
      vertex 28.31012657453462 20.410257021573326 3
      vertex 29.43817968410888 20.12769442722172 9.79
    endloop
  endfacet
  facet normal -0.14673047445536352 -0.9891765099647808 0
    outer loop
      vertex 29.43817968410888 20.12769442722172 9.79
      vertex 29.43817968410888 20.12769442722172 3
      vertex 30.588496887094706 19.957060988934465 9.79
    endloop
  endfacet
  facet normal -0.04906767432741778 -0.9987954562051724 0
    outer loop
      vertex 30.588496887094706 19.957060988934465 9.79
      vertex 30.588496887094706 19.957060988934465 3
      vertex 31.75 19.9 9.79
    endloop
  endfacet
  facet normal -0.9987954562051724 0.04906767432741778 0
    outer loop
      vertex 19.9 31.75 9.79
      vertex 19.957060988934465 32.911503112905294 3
      vertex 19.9 31.75 3
    endloop
  endfacet
  facet normal -0.9891765099647808 0.14673047445536352 0
    outer loop
      vertex 19.957060988934465 32.911503112905294 9.79
      vertex 20.12769442722172 34.06182031589112 3
      vertex 19.957060988934465 32.911503112905294 3
    endloop
  endfacet
  facet normal -0.9700312531945439 0.24298017990326426 0
    outer loop
      vertex 20.12769442722172 34.06182031589112 9.79
      vertex 20.410257021573326 35.18987342546538 3
      vertex 20.12769442722172 34.06182031589112 3
    endloop
  endfacet
  facet normal -0.9415440651830205 0.3368898533922212 0
    outer loop
      vertex 20.410257021573326 35.18987342546538 9.79
      vertex 20.802027539741253 36.28479867352631 3
      vertex 20.410257021573326 35.18987342546538 3
    endloop
  endfacet
  facet normal -0.9039892931234446 0.4275550934302794 0
    outer loop
      vertex 20.802027539741253 36.28479867352631 9.79
      vertex 21.29923301747199 37.33605133138807 3
      vertex 20.802027539741253 36.28479867352631 3
    endloop
  endfacet
  facet normal -0.8577286100002722 0.5141027441932214 0
    outer loop
      vertex 21.29923301747199 37.33605133138807 9.79
      vertex 21.897085094214837 38.333507261282286 3
      vertex 21.29923301747199 37.33605133138807 3
    endloop
  endfacet
  facet normal -0.8032075314806444 0.595699304492434 0
    outer loop
      vertex 21.897085094214837 38.333507261282286 9.79
      vertex 22.589826127651566 39.2675604173392 3
      vertex 21.897085094214837 38.333507261282286 3
    endloop
  endfacet
  facet normal -0.740951125354959 0.6715589548470186 0
    outer loop
      vertex 22.589826127651566 39.2675604173392 9.79
      vertex 23.370784642939412 40.12921535706059 3
      vertex 22.589826127651566 39.2675604173392 3
    endloop
  endfacet
  facet normal -0.6715589548470203 0.7409511253549574 0
    outer loop
      vertex 23.370784642939412 40.12921535706059 9.79
      vertex 24.232439582660803 40.91017387234844 3
      vertex 23.370784642939412 40.12921535706059 3
    endloop
  endfacet
  facet normal -0.5956993044924321 0.8032075314806458 0
    outer loop
      vertex 24.232439582660803 40.91017387234844 9.79
      vertex 25.166492738717714 41.60291490578516 3
      vertex 24.232439582660803 40.91017387234844 3
    endloop
  endfacet
  facet normal -0.5141027441932214 0.8577286100002722 0
    outer loop
      vertex 25.166492738717714 41.60291490578516 9.79
      vertex 26.16394866861193 42.20076698252801 3
      vertex 25.166492738717714 41.60291490578516 3
    endloop
  endfacet
  facet normal -0.4275550934302806 0.903989293123444 0
    outer loop
      vertex 26.16394866861193 42.20076698252801 9.79
      vertex 27.215201326473686 42.69797246025875 3
      vertex 26.16394866861193 42.20076698252801 3
    endloop
  endfacet
  facet normal -0.3368898533922175 0.9415440651830218 0
    outer loop
      vertex 27.215201326473686 42.69797246025875 9.79
      vertex 28.31012657453462 43.08974297842667 3
      vertex 27.215201326473686 42.69797246025875 3
    endloop
  endfacet
  facet normal -0.24298017990326717 0.9700312531945432 0
    outer loop
      vertex 28.31012657453462 43.08974297842667 9.79
      vertex 29.43817968410888 43.37230557277828 3
      vertex 28.31012657453462 43.08974297842667 3
    endloop
  endfacet
  facet normal -0.14673047445536352 0.9891765099647808 0
    outer loop
      vertex 29.43817968410888 43.37230557277828 9.79
      vertex 30.588496887094706 43.542939011065535 3
      vertex 29.43817968410888 43.37230557277828 3
    endloop
  endfacet
  facet normal -0.04906767432741778 0.9987954562051724 0
    outer loop
      vertex 30.588496887094706 43.542939011065535 9.79
      vertex 31.75 43.6 3
      vertex 30.588496887094706 43.542939011065535 3
    endloop
  endfacet
  facet normal -0.9987954562051724 0.04906767432741778 -5.4424868492260295e-19
    outer loop
      vertex 19.9 31.75 9.79
      vertex 19.957060988934465 32.911503112905294 9.79
      vertex 19.957060988934465 32.911503112905294 3
    endloop
  endfacet
  facet normal -0.9891765099647808 0.14673047445536352 -8.331012635203645e-19
    outer loop
      vertex 19.957060988934465 32.911503112905294 9.79
      vertex 20.12769442722172 34.06182031589112 9.79
      vertex 20.12769442722172 34.06182031589112 3
    endloop
  endfacet
  facet normal -0.9700312531945439 0.24298017990326426 2.745256478047578e-19
    outer loop
      vertex 20.12769442722172 34.06182031589112 9.79
      vertex 20.410257021573326 35.18987342546538 9.79
      vertex 20.410257021573326 35.18987342546538 3
    endloop
  endfacet
  facet normal -0.9415440651830205 0.3368898533922212 -1.5356757858064956e-18
    outer loop
      vertex 20.410257021573326 35.18987342546538 9.79
      vertex 20.802027539741253 36.28479867352631 9.79
      vertex 20.802027539741253 36.28479867352631 3
    endloop
  endfacet
  facet normal -0.9039892931234446 0.4275550934302794 -1.89274881890646e-18
    outer loop
      vertex 20.802027539741253 36.28479867352631 9.79
      vertex 21.29923301747199 37.33605133138807 9.79
      vertex 21.29923301747199 37.33605133138807 3
    endloop
  endfacet
  facet normal -0.8577286100002722 0.5141027441932214 -4.7882974403148284e-18
    outer loop
      vertex 21.29923301747199 37.33605133138807 9.79
      vertex 21.897085094214837 38.333507261282286 9.79
      vertex 21.897085094214837 38.333507261282286 3
    endloop
  endfacet
  facet normal -0.8032075314806444 0.595699304492434 -6.277491835153392e-18
    outer loop
      vertex 21.897085094214837 38.333507261282286 9.79
      vertex 22.589826127651566 39.2675604173392 9.79
      vertex 22.589826127651566 39.2675604173392 3
    endloop
  endfacet
  facet normal -0.740951125354959 0.6715589548470186 6.885540259373165e-18
    outer loop
      vertex 22.589826127651566 39.2675604173392 9.79
      vertex 23.370784642939412 40.12921535706059 9.79
      vertex 23.370784642939412 40.12921535706059 3
    endloop
  endfacet
  facet normal -0.6715589548470203 0.7409511253549574 8.811743083703645e-19
    outer loop
      vertex 23.370784642939412 40.12921535706059 9.79
      vertex 24.232439582660803 40.91017387234844 9.79
      vertex 24.232439582660803 40.91017387234844 3
    endloop
  endfacet
  facet normal -0.5956993044924321 0.8032075314806458 -4.726647404463827e-18
    outer loop
      vertex 24.232439582660803 40.91017387234844 9.79
      vertex 25.166492738717714 41.60291490578516 9.79
      vertex 25.166492738717714 41.60291490578516 3
    endloop
  endfacet
  facet normal -0.5141027441932214 0.8577286100002722 -4.7882974403148284e-18
    outer loop
      vertex 25.166492738717714 41.60291490578516 9.79
      vertex 26.16394866861193 42.20076698252801 9.79
      vertex 26.16394866861193 42.20076698252801 3
    endloop
  endfacet
  facet normal -0.4275550934302806 0.903989293123444 -6.354046022023868e-19
    outer loop
      vertex 26.16394866861193 42.20076698252801 9.79
      vertex 27.215201326473686 42.69797246025875 9.79
      vertex 27.215201326473686 42.69797246025875 3
    endloop
  endfacet
  facet normal -0.3368898533922175 0.9415440651830218 -1.5490522077616282e-18
    outer loop
      vertex 27.215201326473686 42.69797246025875 9.79
      vertex 28.31012657453462 43.08974297842667 9.79
      vertex 28.31012657453462 43.08974297842667 3
    endloop
  endfacet
  facet normal -0.24298017990326717 0.9700312531945432 1.648216495927243e-18
    outer loop
      vertex 28.31012657453462 43.08974297842667 9.79
      vertex 29.43817968410888 43.37230557277828 9.79
      vertex 29.43817968410888 43.37230557277828 3
    endloop
  endfacet
  facet normal -0.14673047445536352 0.9891765099647808 -8.331012635203645e-19
    outer loop
      vertex 29.43817968410888 43.37230557277828 9.79
      vertex 30.588496887094706 43.542939011065535 9.79
      vertex 30.588496887094706 43.542939011065535 3
    endloop
  endfacet
  facet normal -0.04906767432741778 0.9987954562051724 -5.4424868492260295e-19
    outer loop
      vertex 30.588496887094706 43.542939011065535 9.79
      vertex 31.75 43.6 9.79
      vertex 31.75 43.6 3
    endloop
  endfacet
  facet normal 0.04906767432741778 -0.9987954562051724 0
    outer loop
      vertex 32.911503112905294 19.957060988934465 9.79
      vertex 31.75 19.9 3
      vertex 32.911503112905294 19.957060988934465 3
    endloop
  endfacet
  facet normal 0.14673047445536352 -0.9891765099647808 0
    outer loop
      vertex 34.06182031589112 20.12769442722172 9.79
      vertex 32.911503112905294 19.957060988934465 3
      vertex 34.06182031589112 20.12769442722172 3
    endloop
  endfacet
  facet normal 0.24298017990326426 -0.9700312531945439 0
    outer loop
      vertex 35.18987342546538 20.410257021573326 9.79
      vertex 34.06182031589112 20.12769442722172 3
      vertex 35.18987342546538 20.410257021573326 3
    endloop
  endfacet
  facet normal 0.3368898533922212 -0.9415440651830205 0
    outer loop
      vertex 36.28479867352631 20.802027539741253 9.79
      vertex 35.18987342546538 20.410257021573326 3
      vertex 36.28479867352631 20.802027539741253 3
    endloop
  endfacet
  facet normal 0.4275550934302794 -0.9039892931234446 0
    outer loop
      vertex 37.33605133138807 21.29923301747199 9.79
      vertex 36.28479867352631 20.802027539741253 3
      vertex 37.33605133138807 21.29923301747199 3
    endloop
  endfacet
  facet normal 0.5141027441932214 -0.8577286100002722 0
    outer loop
      vertex 38.333507261282286 21.897085094214837 9.79
      vertex 37.33605133138807 21.29923301747199 3
      vertex 38.333507261282286 21.897085094214837 3
    endloop
  endfacet
  facet normal 0.595699304492434 -0.8032075314806444 0
    outer loop
      vertex 39.2675604173392 22.589826127651566 9.79
      vertex 38.333507261282286 21.897085094214837 3
      vertex 39.2675604173392 22.589826127651566 3
    endloop
  endfacet
  facet normal 0.6715589548470186 -0.740951125354959 0
    outer loop
      vertex 40.12921535706059 23.370784642939412 9.79
      vertex 39.2675604173392 22.589826127651566 3
      vertex 40.12921535706059 23.370784642939412 3
    endloop
  endfacet
  facet normal 0.7409511253549574 -0.6715589548470203 0
    outer loop
      vertex 40.91017387234844 24.232439582660803 9.79
      vertex 40.12921535706059 23.370784642939412 3
      vertex 40.91017387234844 24.232439582660803 3
    endloop
  endfacet
  facet normal 0.8032075314806458 -0.5956993044924321 0
    outer loop
      vertex 41.60291490578516 25.166492738717714 9.79
      vertex 40.91017387234844 24.232439582660803 3
      vertex 41.60291490578516 25.166492738717714 3
    endloop
  endfacet
  facet normal 0.8577286100002722 -0.5141027441932214 0
    outer loop
      vertex 42.20076698252801 26.16394866861193 9.79
      vertex 41.60291490578516 25.166492738717714 3
      vertex 42.20076698252801 26.16394866861193 3
    endloop
  endfacet
  facet normal 0.903989293123444 -0.4275550934302806 0
    outer loop
      vertex 42.69797246025875 27.215201326473686 9.79
      vertex 42.20076698252801 26.16394866861193 3
      vertex 42.69797246025875 27.215201326473686 3
    endloop
  endfacet
  facet normal 0.9415440651830218 -0.3368898533922175 0
    outer loop
      vertex 43.08974297842667 28.31012657453462 9.79
      vertex 42.69797246025875 27.215201326473686 3
      vertex 43.08974297842667 28.31012657453462 3
    endloop
  endfacet
  facet normal 0.9700312531945432 -0.24298017990326717 0
    outer loop
      vertex 43.37230557277828 29.43817968410888 9.79
      vertex 43.08974297842667 28.31012657453462 3
      vertex 43.37230557277828 29.43817968410888 3
    endloop
  endfacet
  facet normal 0.9891765099647808 -0.14673047445536352 0
    outer loop
      vertex 43.542939011065535 30.588496887094706 9.79
      vertex 43.37230557277828 29.43817968410888 3
      vertex 43.542939011065535 30.588496887094706 3
    endloop
  endfacet
  facet normal 0.9987954562051724 -0.04906767432741778 0
    outer loop
      vertex 43.6 31.75 9.79
      vertex 43.542939011065535 30.588496887094706 3
      vertex 43.6 31.75 3
    endloop
  endfacet
  facet normal 0.04906767432741778 -0.9987954562051724 0
    outer loop
      vertex 31.75 19.9 9.79
      vertex 31.75 19.9 3
      vertex 32.911503112905294 19.957060988934465 9.79
    endloop
  endfacet
  facet normal 0.14673047445536352 -0.9891765099647808 0
    outer loop
      vertex 32.911503112905294 19.957060988934465 9.79
      vertex 32.911503112905294 19.957060988934465 3
      vertex 34.06182031589112 20.12769442722172 9.79
    endloop
  endfacet
  facet normal 0.24298017990326426 -0.9700312531945439 0
    outer loop
      vertex 34.06182031589112 20.12769442722172 9.79
      vertex 34.06182031589112 20.12769442722172 3
      vertex 35.18987342546538 20.410257021573326 9.79
    endloop
  endfacet
  facet normal 0.3368898533922212 -0.9415440651830205 0
    outer loop
      vertex 35.18987342546538 20.410257021573326 9.79
      vertex 35.18987342546538 20.410257021573326 3
      vertex 36.28479867352631 20.802027539741253 9.79
    endloop
  endfacet
  facet normal 0.4275550934302794 -0.9039892931234446 0
    outer loop
      vertex 36.28479867352631 20.802027539741253 9.79
      vertex 36.28479867352631 20.802027539741253 3
      vertex 37.33605133138807 21.29923301747199 9.79
    endloop
  endfacet
  facet normal 0.5141027441932214 -0.8577286100002722 0
    outer loop
      vertex 37.33605133138807 21.29923301747199 9.79
      vertex 37.33605133138807 21.29923301747199 3
      vertex 38.333507261282286 21.897085094214837 9.79
    endloop
  endfacet
  facet normal 0.595699304492434 -0.8032075314806444 0
    outer loop
      vertex 38.333507261282286 21.897085094214837 9.79
      vertex 38.333507261282286 21.897085094214837 3
      vertex 39.2675604173392 22.589826127651566 9.79
    endloop
  endfacet
  facet normal 0.6715589548470186 -0.740951125354959 0
    outer loop
      vertex 39.2675604173392 22.589826127651566 9.79
      vertex 39.2675604173392 22.589826127651566 3
      vertex 40.12921535706059 23.370784642939412 9.79
    endloop
  endfacet
  facet normal 0.7409511253549574 -0.6715589548470203 0
    outer loop
      vertex 40.12921535706059 23.370784642939412 9.79
      vertex 40.12921535706059 23.370784642939412 3
      vertex 40.91017387234844 24.232439582660803 9.79
    endloop
  endfacet
  facet normal 0.8032075314806458 -0.5956993044924321 0
    outer loop
      vertex 40.91017387234844 24.232439582660803 9.79
      vertex 40.91017387234844 24.232439582660803 3
      vertex 41.60291490578516 25.166492738717714 9.79
    endloop
  endfacet
  facet normal 0.8577286100002722 -0.5141027441932214 0
    outer loop
      vertex 41.60291490578516 25.166492738717714 9.79
      vertex 41.60291490578516 25.166492738717714 3
      vertex 42.20076698252801 26.16394866861193 9.79
    endloop
  endfacet
  facet normal 0.903989293123444 -0.4275550934302806 0
    outer loop
      vertex 42.20076698252801 26.16394866861193 9.79
      vertex 42.20076698252801 26.16394866861193 3
      vertex 42.69797246025875 27.215201326473686 9.79
    endloop
  endfacet
  facet normal 0.9415440651830218 -0.3368898533922175 0
    outer loop
      vertex 42.69797246025875 27.215201326473686 9.79
      vertex 42.69797246025875 27.215201326473686 3
      vertex 43.08974297842667 28.31012657453462 9.79
    endloop
  endfacet
  facet normal 0.9700312531945432 -0.24298017990326717 0
    outer loop
      vertex 43.08974297842667 28.31012657453462 9.79
      vertex 43.08974297842667 28.31012657453462 3
      vertex 43.37230557277828 29.43817968410888 9.79
    endloop
  endfacet
  facet normal 0.9891765099647808 -0.14673047445536352 0
    outer loop
      vertex 43.37230557277828 29.43817968410888 9.79
      vertex 43.37230557277828 29.43817968410888 3
      vertex 43.542939011065535 30.588496887094706 9.79
    endloop
  endfacet
  facet normal 0.9987954562051724 -0.04906767432741778 0
    outer loop
      vertex 43.542939011065535 30.588496887094706 9.79
      vertex 43.542939011065535 30.588496887094706 3
      vertex 43.6 31.75 9.79
    endloop
  endfacet
  facet normal 0.04906767432741778 0.9987954562051724 0
    outer loop
      vertex 31.75 43.6 9.79
      vertex 32.911503112905294 43.542939011065535 3
      vertex 31.75 43.6 3
    endloop
  endfacet
  facet normal 0.14673047445536352 0.9891765099647808 0
    outer loop
      vertex 32.911503112905294 43.542939011065535 9.79
      vertex 34.06182031589112 43.37230557277828 3
      vertex 32.911503112905294 43.542939011065535 3
    endloop
  endfacet
  facet normal 0.24298017990326717 0.9700312531945432 0
    outer loop
      vertex 34.06182031589112 43.37230557277828 9.79
      vertex 35.18987342546538 43.08974297842667 3
      vertex 34.06182031589112 43.37230557277828 3
    endloop
  endfacet
  facet normal 0.33688985339221844 0.9415440651830214 0
    outer loop
      vertex 35.18987342546538 43.08974297842667 9.79
      vertex 36.28479867352631 42.69797246025875 3
      vertex 35.18987342546538 43.08974297842667 3
    endloop
  endfacet
  facet normal 0.4275550934302794 0.9039892931234446 0
    outer loop
      vertex 36.28479867352631 42.69797246025875 9.79
      vertex 37.33605133138807 42.20076698252801 3
      vertex 36.28479867352631 42.69797246025875 3
    endloop
  endfacet
  facet normal 0.5141027441932214 0.8577286100002722 0
    outer loop
      vertex 37.33605133138807 42.20076698252801 9.79
      vertex 38.333507261282286 41.60291490578516 3
      vertex 37.33605133138807 42.20076698252801 3
    endloop
  endfacet
  facet normal 0.5956993044924321 0.8032075314806458 0
    outer loop
      vertex 38.333507261282286 41.60291490578516 9.79
      vertex 39.2675604173392 40.91017387234844 3
      vertex 38.333507261282286 41.60291490578516 3
    endloop
  endfacet
  facet normal 0.6715589548470203 0.7409511253549574 0
    outer loop
      vertex 39.2675604173392 40.91017387234844 9.79
      vertex 40.12921535706059 40.12921535706059 3
      vertex 39.2675604173392 40.91017387234844 3
    endloop
  endfacet
  facet normal 0.9987954562051724 0.04906767432741778 0
    outer loop
      vertex 43.542939011065535 32.911503112905294 9.79
      vertex 43.6 31.75 3
      vertex 43.542939011065535 32.911503112905294 3
    endloop
  endfacet
  facet normal 0.9891765099647808 0.14673047445536352 0
    outer loop
      vertex 43.37230557277828 34.06182031589112 9.79
      vertex 43.542939011065535 32.911503112905294 3
      vertex 43.37230557277828 34.06182031589112 3
    endloop
  endfacet
  facet normal 0.9700312531945432 0.24298017990326717 0
    outer loop
      vertex 43.08974297842667 35.18987342546538 9.79
      vertex 43.37230557277828 34.06182031589112 3
      vertex 43.08974297842667 35.18987342546538 3
    endloop
  endfacet
  facet normal 0.8032075314806458 0.5956993044924321 0
    outer loop
      vertex 40.91017387234844 39.2675604173392 9.79
      vertex 41.60291490578516 38.333507261282286 3
      vertex 40.91017387234844 39.2675604173392 3
    endloop
  endfacet
  facet normal 0.9039892931234446 0.4275550934302794 0
    outer loop
      vertex 42.20076698252801 37.33605133138807 9.79
      vertex 42.69797246025875 36.28479867352631 3
      vertex 42.20076698252801 37.33605133138807 3
    endloop
  endfacet
  facet normal 0.9415440651830214 0.33688985339221844 0
    outer loop
      vertex 42.69797246025875 36.28479867352631 9.79
      vertex 43.08974297842667 35.18987342546538 3
      vertex 42.69797246025875 36.28479867352631 3
    endloop
  endfacet
  facet normal 0.8577286100002722 0.5141027441932214 0
    outer loop
      vertex 41.60291490578516 38.333507261282286 9.79
      vertex 42.20076698252801 37.33605133138807 3
      vertex 41.60291490578516 38.333507261282286 3
    endloop
  endfacet
  facet normal 0.7409511253549574 0.6715589548470203 0
    outer loop
      vertex 40.12921535706059 40.12921535706059 9.79
      vertex 40.91017387234844 39.2675604173392 3
      vertex 40.12921535706059 40.12921535706059 3
    endloop
  endfacet
  facet normal 0.04906767432741778 0.9987954562051724 5.4424868492260295e-19
    outer loop
      vertex 31.75 43.6 9.79
      vertex 32.911503112905294 43.542939011065535 9.79
      vertex 32.911503112905294 43.542939011065535 3
    endloop
  endfacet
  facet normal 0.14673047445536352 0.9891765099647808 8.331012635203645e-19
    outer loop
      vertex 32.911503112905294 43.542939011065535 9.79
      vertex 34.06182031589112 43.37230557277828 9.79
      vertex 34.06182031589112 43.37230557277828 3
    endloop
  endfacet
  facet normal 0.24298017990326717 0.9700312531945432 -1.648216495927243e-18
    outer loop
      vertex 34.06182031589112 43.37230557277828 9.79
      vertex 35.18987342546538 43.08974297842667 9.79
      vertex 35.18987342546538 43.08974297842667 3
    endloop
  endfacet
  facet normal 0.33688985339221844 0.9415440651830214 2.0644571696082064e-18
    outer loop
      vertex 35.18987342546538 43.08974297842667 9.79
      vertex 36.28479867352631 42.69797246025875 9.79
      vertex 36.28479867352631 42.69797246025875 3
    endloop
  endfacet
  facet normal 0.4275550934302794 0.9039892931234446 1.89274881890646e-18
    outer loop
      vertex 36.28479867352631 42.69797246025875 9.79
      vertex 37.33605133138807 42.20076698252801 9.79
      vertex 37.33605133138807 42.20076698252801 3
    endloop
  endfacet
  facet normal 0.5956993044924321 0.8032075314806458 4.726647404463827e-18
    outer loop
      vertex 38.333507261282286 41.60291490578516 9.79
      vertex 39.2675604173392 40.91017387234844 9.79
      vertex 39.2675604173392 40.91017387234844 3
    endloop
  endfacet
  facet normal 0.5141027441932214 0.8577286100002722 4.7882974403148284e-18
    outer loop
      vertex 37.33605133138807 42.20076698252801 9.79
      vertex 38.333507261282286 41.60291490578516 9.79
      vertex 38.333507261282286 41.60291490578516 3
    endloop
  endfacet
  facet normal 0.9987954562051724 0.04906767432741778 0
    outer loop
      vertex 43.6 31.75 9.79
      vertex 43.6 31.75 3
      vertex 43.542939011065535 32.911503112905294 9.79
    endloop
  endfacet
  facet normal 0.9891765099647808 0.14673047445536352 0
    outer loop
      vertex 43.542939011065535 32.911503112905294 9.79
      vertex 43.542939011065535 32.911503112905294 3
      vertex 43.37230557277828 34.06182031589112 9.79
    endloop
  endfacet
  facet normal 0.9700312531945432 0.24298017990326717 0
    outer loop
      vertex 43.37230557277828 34.06182031589112 9.79
      vertex 43.37230557277828 34.06182031589112 3
      vertex 43.08974297842667 35.18987342546538 9.79
    endloop
  endfacet
  facet normal 0.9415440651830214 0.33688985339221844 0
    outer loop
      vertex 43.08974297842667 35.18987342546538 9.79
      vertex 43.08974297842667 35.18987342546538 3
      vertex 42.69797246025875 36.28479867352631 9.79
    endloop
  endfacet
  facet normal 0.7409511253549574 0.6715589548470203 -8.811743083703645e-19
    outer loop
      vertex 40.12921535706059 40.12921535706059 9.79
      vertex 40.91017387234844 39.2675604173392 9.79
      vertex 40.91017387234844 39.2675604173392 3
    endloop
  endfacet
  facet normal 0.8032075314806458 0.5956993044924321 0
    outer loop
      vertex 41.60291490578516 38.333507261282286 9.79
      vertex 41.60291490578516 38.333507261282286 3
      vertex 40.91017387234844 39.2675604173392 9.79
    endloop
  endfacet
  facet normal 0.9039892931234446 0.4275550934302794 0
    outer loop
      vertex 42.69797246025875 36.28479867352631 9.79
      vertex 42.69797246025875 36.28479867352631 3
      vertex 42.20076698252801 37.33605133138807 9.79
    endloop
  endfacet
  facet normal 0.8577286100002722 0.5141027441932214 0
    outer loop
      vertex 42.20076698252801 37.33605133138807 9.79
      vertex 42.20076698252801 37.33605133138807 3
      vertex 41.60291490578516 38.333507261282286 9.79
    endloop
  endfacet
  facet normal 0.6715589548470203 0.7409511253549574 0
    outer loop
      vertex 40.12921535706059 40.12921535706059 9.79
      vertex 40.12921535706059 40.12921535706059 3
      vertex 39.2675604173392 40.91017387234844 9.79
    endloop
  endfacet
  facet normal -0.6396020575606349 -0.3025092438137915 0.7066805256772046
    outer loop
      vertex 21.29923301747199 26.16394866861193 9.79
      vertex 21.910682978754796 27.674421445311793 10.99
      vertex 20.802027539741253 27.215201326473686 9.79
    endloop
  endfacet
  facet normal -0.5682956575826005 -0.42147678489016205 0.7066805256772057
    outer loop
      vertex 22.589826127651566 24.232439582660803 9.79
      vertex 22.894848628977893 25.83317701834124 10.99
      vertex 21.897085094214837 25.166492738717714 9.79
    endloop
  endfacet
  facet normal -0.5242472094901067 -0.4751499741875462 0.7066805256772046
    outer loop
      vertex 22.589826127651566 24.232439582660803 9.79
      vertex 23.370784642939412 23.370784642939412 9.79
      vertex 23.51743867168685 24.993711523657176 10.99
    endloop
  endfacet
  facet normal -0.6068711078305686 -0.3637445437516381 0.7066805256772052
    outer loop
      vertex 21.897085094214837 25.166492738717714 9.79
      vertex 22.35753853469002 26.729624752803126 10.99
      vertex 21.29923301747199 26.16394866861193 9.79
    endloop
  endfacet
  facet normal -0.5242472094901076 -0.47514997418754584 0.7066805256772043
    outer loop
      vertex 23.370784642939412 23.370784642939412 9.79
      vertex 24.219312780363268 24.219312780363268 10.99
      vertex 23.51743867168685 24.993711523657176 10.99
    endloop
  endfacet
  facet normal -0.5682956575826026 -0.4214767848901608 0.7066805256772047
    outer loop
      vertex 22.589826127651566 24.232439582660803 9.79
      vertex 23.51743867168685 24.993711523657176 10.99
      vertex 22.894848628977893 25.83317701834124 10.99
    endloop
  endfacet
  facet normal 0 0 1
    outer loop
      vertex 23.51743867168685 24.993711523657176 10.99
      vertex 23.393730396359423 26.166519158152997 10.99
      vertex 22.894848628977893 25.83317701834124 10.99
    endloop
  endfacet
  facet normal 0 0 1
    outer loop
      vertex 23.51743867168685 24.993711523657176 10.99
      vertex 23.981244943704496 25.374347494155366 10.99
      vertex 23.393730396359423 26.166519158152997 10.99
    endloop
  endfacet
  facet normal -0.6068711078305674 -0.3637445437516388 0.7066805256772057
    outer loop
      vertex 21.897085094214837 25.166492738717714 9.79
      vertex 22.894848628977893 25.83317701834124 10.99
      vertex 22.35753853469002 26.729624752803126 10.99
    endloop
  endfacet
  facet normal -0.6396020575606338 -0.3025092438137925 0.7066805256772052
    outer loop
      vertex 21.29923301747199 26.16394866861193 9.79
      vertex 22.35753853469002 26.729624752803126 10.99
      vertex 21.910682978754796 27.674421445311793 10.99
    endloop
  endfacet
  facet normal 0 0 1
    outer loop
      vertex 22.35753853469002 26.729624752803126 10.99
      vertex 22.1327496258913 28.832638993592653 10.99
      vertex 21.910682978754796 27.674421445311793 10.99
    endloop
  endfacet
  facet normal 0 0 1
    outer loop
      vertex 22.35753853469002 26.729624752803126 10.99
      vertex 22.894848628977893 25.83317701834124 10.99
      vertex 22.46501069826157 27.90403150473085 10.99
    endloop
  endfacet
  facet normal 0 0 1
    outer loop
      vertex 22.46501069826157 27.90403150473085 10.99
      vertex 22.894848628977893 25.83317701834124 10.99
      vertex 22.88669129329903 27.012462794898724 10.99
    endloop
  endfacet
  facet normal 0 0 1
    outer loop
      vertex 22.894848628977893 25.83317701834124 10.99
      vertex 23.393730396359423 26.166519158152997 10.99
      vertex 22.88669129329903 27.012462794898724 10.99
    endloop
  endfacet
  facet normal -0.6863289091595782 -0.17191644214679766 0.7066805256772046
    outer loop
      vertex 20.410257021573326 28.31012657453462 9.79
      vertex 21.304636763705595 29.672288070528232 10.99
      vertex 20.12769442722172 29.43817968410888 9.79
    endloop
  endfacet
  facet normal -0.6661732898343401 -0.23836061448964577 0.706680525677205
    outer loop
      vertex 20.802027539741253 27.215201326473686 9.79
      vertex 21.558585424451977 28.658468187239976 10.99
      vertex 20.410257021573326 28.31012657453462 9.79
    endloop
  endfacet
  facet normal -0.6998748059040624 -0.1038166204869896 0.7066805256772054
    outer loop
      vertex 20.12769442722172 29.43817968410888 9.79
      vertex 21.151282660941103 30.70611745549018 10.99
      vertex 19.957060988934465 30.588496887094706 9.79
    endloop
  endfacet
  facet normal -0.7066805256772052 -0.03471698801995204 0.7066805256772054
    outer loop
      vertex 19.957060988934465 30.588496887094706 9.79
      vertex 21.151282660941103 30.70611745549018 10.99
      vertex 19.9 31.75 9.79
    endloop
  endfacet
  facet normal -0.666173289834341 -0.23836061448964496 0.7066805256772045
    outer loop
      vertex 20.802027539741253 27.215201326473686 9.79
      vertex 21.910682978754796 27.674421445311793 10.99
      vertex 21.558585424451977 28.658468187239976 10.99
    endloop
  endfacet
  facet normal -0.6863289091595776 -0.17191644214679852 0.7066805256772051
    outer loop
      vertex 20.410257021573326 28.31012657453462 9.79
      vertex 21.558585424451977 28.658468187239976 10.99
      vertex 21.304636763705595 29.672288070528232 10.99
    endloop
  endfacet
  facet normal 0 0 1
    outer loop
      vertex 21.910682978754796 27.674421445311793 10.99
      vertex 21.748393496944423 30.764927739687916 10.99
      vertex 21.558585424451977 28.658468187239976 10.99
    endloop
  endfacet
  facet normal -0.7066805256772049 -0.03471698801995104 0.706680525677206
    outer loop
      vertex 21.151282660941103 30.70611745549018 10.99
      vertex 21.1 31.75 10.99
      vertex 19.9 31.75 9.79
    endloop
  endfacet
  facet normal -0.6998748059040634 -0.10381662048698802 0.7066805256772046
    outer loop
      vertex 20.12769442722172 29.43817968410888 9.79
      vertex 21.304636763705595 29.672288070528232 10.99
      vertex 21.151282660941103 30.70611745549018 10.99
    endloop
  endfacet
  facet normal 0 0 1
    outer loop
      vertex 21.558585424451977 28.658468187239976 10.99
      vertex 21.304636763705595 33.82771192947177 10.99
      vertex 21.304636763705595 29.672288070528232 10.99
    endloop
  endfacet
  facet normal 0 0 1
    outer loop
      vertex 21.558585424451977 28.658468187239976 10.99
      vertex 21.748393496944423 30.764927739687916 10.99
      vertex 21.700000000000003 31.75 10.99
    endloop
  endfacet
  facet normal 0 0 1
    outer loop
      vertex 21.304636763705595 29.672288070528232 10.99
      vertex 21.151282660941103 32.79388254450982 10.99
      vertex 21.151282660941103 30.70611745549018 10.99
    endloop
  endfacet
  facet normal 0 0 1
    outer loop
      vertex 22.35753853469002 26.729624752803126 10.99
      vertex 22.46501069826157 27.90403150473085 10.99
      vertex 22.1327496258913 28.832638993592653 10.99
    endloop
  endfacet
  facet normal 0 0 1
    outer loop
      vertex 21.910682978754796 27.674421445311793 10.99
      vertex 22.1327496258913 28.832638993592653 10.99
      vertex 21.893107931947533 29.78934226373791 10.99
    endloop
  endfacet
  facet normal 0 0 1
    outer loop
      vertex 21.910682978754796 27.674421445311793 10.99
      vertex 21.893107931947533 29.78934226373791 10.99
      vertex 21.748393496944423 30.764927739687916 10.99
    endloop
  endfacet
  facet normal -0.4214767848901626 -0.5682956575826013 0.7066805256772047
    outer loop
      vertex 24.232439582660803 22.589826127651566 9.79
      vertex 25.166492738717714 21.897085094214837 9.79
      vertex 24.993711523657176 23.51743867168685 10.99
    endloop
  endfacet
  facet normal -0.47514997418754645 -0.5242472094901071 0.7066805256772043
    outer loop
      vertex 24.232439582660803 22.589826127651566 9.79
      vertex 24.219312780363268 24.219312780363268 10.99
      vertex 23.370784642939412 23.370784642939412 9.79
    endloop
  endfacet
  facet normal -0.3637445437516378 -0.6068711078305681 0.7066805256772057
    outer loop
      vertex 25.166492738717714 21.897085094214837 9.79
      vertex 26.16394866861193 21.29923301747199 9.79
      vertex 25.83317701834124 22.894848628977893 10.99
    endloop
  endfacet
  facet normal -0.30250924381379124 -0.6396020575606344 0.7066805256772052
    outer loop
      vertex 26.16394866861193 21.29923301747199 9.79
      vertex 27.215201326473686 20.802027539741253 9.79
      vertex 26.729624752803126 22.35753853469002 10.99
    endloop
  endfacet
  facet normal -0.23836061448964588 -0.6661732898343405 0.7066805256772046
    outer loop
      vertex 27.215201326473686 20.802027539741253 9.79
      vertex 28.31012657453462 20.410257021573326 9.79
      vertex 27.674421445311793 21.910682978754796 10.99
    endloop
  endfacet
  facet normal -0.4751499741875455 -0.5242472094901073 0.7066805256772047
    outer loop
      vertex 24.232439582660803 22.589826127651566 9.79
      vertex 24.993711523657176 23.51743867168685 10.99
      vertex 24.219312780363268 24.219312780363268 10.99
    endloop
  endfacet
  facet normal -0.42147678489016016 -0.5682956575826018 0.7066805256772057
    outer loop
      vertex 25.166492738717714 21.897085094214837 9.79
      vertex 25.83317701834124 22.894848628977893 10.99
      vertex 24.993711523657176 23.51743867168685 10.99
    endloop
  endfacet
  facet normal 0 0 1
    outer loop
      vertex 24.993711523657176 23.51743867168685 10.99
      vertex 25.83317701834124 22.894848628977893 10.99
      vertex 25.374347494155366 23.981244943704496 10.99
    endloop
  endfacet
  facet normal 0 0 1
    outer loop
      vertex 25.374347494155366 23.981244943704496 10.99
      vertex 25.83317701834124 22.894848628977893 10.99
      vertex 26.166519158152997 23.393730396359423 10.99
    endloop
  endfacet
  facet normal -0.3025092438137928 -0.6396020575606345 0.7066805256772045
    outer loop
      vertex 27.215201326473686 20.802027539741253 9.79
      vertex 27.674421445311793 21.910682978754796 10.99
      vertex 26.729624752803126 22.35753853469002 10.99
    endloop
  endfacet
  facet normal -0.3637445437516391 -0.606871107830568 0.7066805256772052
    outer loop
      vertex 26.16394866861193 21.29923301747199 9.79
      vertex 26.729624752803126 22.35753853469002 10.99
      vertex 25.83317701834124 22.894848628977893 10.99
    endloop
  endfacet
  facet normal 0 0 1
    outer loop
      vertex 26.729624752803126 22.35753853469002 10.99
      vertex 26.166519158152997 23.393730396359423 10.99
      vertex 25.83317701834124 22.894848628977893 10.99
    endloop
  endfacet
  facet normal 0 0 1
    outer loop
      vertex 26.729624752803126 22.35753853469002 10.99
      vertex 27.012462794898724 22.88669129329903 10.99
      vertex 26.166519158152997 23.393730396359423 10.99
    endloop
  endfacet
  facet normal 0 0 1
    outer loop
      vertex 26.729624752803126 22.35753853469002 10.99
      vertex 27.674421445311793 21.910682978754796 10.99
      vertex 27.012462794898724 22.88669129329903 10.99
    endloop
  endfacet
  facet normal 0 0 1
    outer loop
      vertex 27.674421445311793 21.910682978754796 10.99
      vertex 27.90403150473085 22.46501069826157 10.99
      vertex 27.012462794898724 22.88669129329903 10.99
    endloop
  endfacet
  facet normal -0.17191644214679758 -0.6863289091595779 0.706680525677205
    outer loop
      vertex 28.31012657453462 20.410257021573326 9.79
      vertex 29.43817968410888 20.12769442722172 9.79
      vertex 28.658468187239976 21.558585424451977 10.99
    endloop
  endfacet
  facet normal -0.10381662048698971 -0.6998748059040631 0.7066805256772046
    outer loop
      vertex 29.43817968410888 20.12769442722172 9.79
      vertex 30.588496887094706 19.957060988934465 9.79
      vertex 29.672288070528232 21.304636763705595 10.99
    endloop
  endfacet
  facet normal -0.03471698801995204 -0.7066805256772052 0.7066805256772054
    outer loop
      vertex 30.588496887094706 19.957060988934465 9.79
      vertex 31.75 19.9 9.79
      vertex 30.70611745549018 21.151282660941103 10.99
    endloop
  endfacet
  facet normal -0.23836061448964488 -0.6661732898343404 0.706680525677205
    outer loop
      vertex 28.31012657453462 20.410257021573326 9.79
      vertex 28.658468187239976 21.558585424451977 10.99
      vertex 27.674421445311793 21.910682978754796 10.99
    endloop
  endfacet
  facet normal -0.1719164421467987 -0.686328909159578 0.7066805256772046
    outer loop
      vertex 28.658468187239976 21.558585424451977 10.99
      vertex 29.43817968410888 20.12769442722172 9.79
      vertex 29.672288070528232 21.304636763705595 10.99
    endloop
  endfacet
  facet normal 0 0 1
    outer loop
      vertex 28.658468187239976 21.558585424451977 10.99
      vertex 29.672288070528232 21.304636763705595 10.99
      vertex 28.832638993592653 22.1327496258913 10.99
    endloop
  endfacet
  facet normal 0 0 1
    outer loop
      vertex 29.672288070528232 21.304636763705595 10.99
      vertex 29.78934226373791 21.893107931947533 10.99
      vertex 28.832638993592653 22.1327496258913 10.99
    endloop
  endfacet
  facet normal 0 0 1
    outer loop
      vertex 27.674421445311793 21.910682978754796 10.99
      vertex 28.658468187239976 21.558585424451977 10.99
      vertex 27.90403150473085 22.46501069826157 10.99
    endloop
  endfacet
  facet normal 0 0 1
    outer loop
      vertex 27.90403150473085 22.46501069826157 10.99
      vertex 28.658468187239976 21.558585424451977 10.99
      vertex 28.832638993592653 22.1327496258913 10.99
    endloop
  endfacet
  facet normal -0.10381662048698795 -0.6998748059040626 0.7066805256772054
    outer loop
      vertex 30.588496887094706 19.957060988934465 9.79
      vertex 30.70611745549018 21.151282660941103 10.99
      vertex 29.672288070528232 21.304636763705595 10.99
    endloop
  endfacet
  facet normal -0.03471698801995104 -0.7066805256772049 0.706680525677206
    outer loop
      vertex 30.70611745549018 21.151282660941103 10.99
      vertex 31.75 19.9 9.79
      vertex 31.75 21.1 10.99
    endloop
  endfacet
  facet normal 0 0 1
    outer loop
      vertex 29.672288070528232 21.304636763705595 10.99
      vertex 30.70611745549018 21.151282660941103 10.99
      vertex 29.78934226373791 21.893107931947533 10.99
    endloop
  endfacet
  facet normal 0 0 1
    outer loop
      vertex 29.78934226373791 21.893107931947533 10.99
      vertex 30.70611745549018 21.151282660941103 10.99
      vertex 30.764927739687916 21.748393496944423 10.99
    endloop
  endfacet
  facet normal 0 0 1
    outer loop
      vertex 30.70611745549018 21.151282660941103 10.99
      vertex 31.75 21.1 10.99
      vertex 30.764927739687916 21.748393496944423 10.99
    endloop
  endfacet
  facet normal 0 0 1
    outer loop
      vertex 30.764927739687916 21.748393496944423 10.99
      vertex 31.75 21.1 10.99
      vertex 31.75 21.700000000000003 10.99
    endloop
  endfacet
  facet normal 0 0 1
    outer loop
      vertex 24.219312780363268 24.219312780363268 10.99
      vertex 24.6435768490752 24.6435768490752 10.99
      vertex 23.981244943704496 25.374347494155366 10.99
    endloop
  endfacet
  facet normal 0 0 1
    outer loop
      vertex 24.219312780363268 24.219312780363268 10.99
      vertex 24.993711523657176 23.51743867168685 10.99
      vertex 24.6435768490752 24.6435768490752 10.99
    endloop
  endfacet
  facet normal 0 0 1
    outer loop
      vertex 24.219312780363268 24.219312780363268 10.99
      vertex 23.981244943704496 25.374347494155366 10.99
      vertex 23.51743867168685 24.993711523657176 10.99
    endloop
  endfacet
  facet normal 0 0 1
    outer loop
      vertex 24.993711523657176 23.51743867168685 10.99
      vertex 25.374347494155366 23.981244943704496 10.99
      vertex 24.6435768490752 24.6435768490752 10.99
    endloop
  endfacet
  facet normal -0.7066805256772052 0.03471698801995204 0.7066805256772054
    outer loop
      vertex 19.9 31.75 9.79
      vertex 21.151282660941103 32.79388254450982 10.99
      vertex 19.957060988934465 32.911503112905294 9.79
    endloop
  endfacet
  facet normal -0.6998748059040624 0.1038166204869896 0.7066805256772054
    outer loop
      vertex 19.957060988934465 32.911503112905294 9.79
      vertex 21.151282660941103 32.79388254450982 10.99
      vertex 20.12769442722172 34.06182031589112 9.79
    endloop
  endfacet
  facet normal -0.6863289091595782 0.17191644214679766 0.7066805256772046
    outer loop
      vertex 20.12769442722172 34.06182031589112 9.79
      vertex 21.304636763705595 33.82771192947177 10.99
      vertex 20.410257021573326 35.18987342546538 9.79
    endloop
  endfacet
  facet normal -0.6661732898343399 0.23836061448964643 0.706680525677205
    outer loop
      vertex 20.410257021573326 35.18987342546538 9.79
      vertex 21.558585424451977 34.841531812760024 10.99
      vertex 20.802027539741253 36.28479867352631 9.79
    endloop
  endfacet
  facet normal -0.7066805256772049 0.03471698801995108 0.706680525677206
    outer loop
      vertex 19.9 31.75 9.79
      vertex 21.1 31.75 10.99
      vertex 21.151282660941103 32.79388254450982 10.99
    endloop
  endfacet
  facet normal -0.6998748059040634 0.10381662048698806 0.7066805256772046
    outer loop
      vertex 20.12769442722172 34.06182031589112 9.79
      vertex 21.151282660941103 32.79388254450982 10.99
      vertex 21.304636763705595 33.82771192947177 10.99
    endloop
  endfacet
  facet normal 0 0 1
    outer loop
      vertex 21.151282660941103 30.70611745549018 10.99
      vertex 21.151282660941103 32.79388254450982 10.99
      vertex 21.1 31.75 10.99
    endloop
  endfacet
  facet normal 0 0 1
    outer loop
      vertex 21.304636763705595 29.672288070528232 10.99
      vertex 21.304636763705595 33.82771192947177 10.99
      vertex 21.151282660941103 32.79388254450982 10.99
    endloop
  endfacet
  facet normal 0 0 1
    outer loop
      vertex 21.558585424451977 28.658468187239976 10.99
      vertex 21.700000000000003 31.75 10.99
      vertex 21.558585424451977 34.841531812760024 10.99
    endloop
  endfacet
  facet normal 0 0 1
    outer loop
      vertex 21.558585424451977 28.658468187239976 10.99
      vertex 21.558585424451977 34.841531812760024 10.99
      vertex 21.304636763705595 33.82771192947177 10.99
    endloop
  endfacet
  facet normal 0 0 1
    outer loop
      vertex 21.700000000000003 31.75 10.99
      vertex 21.748393496944423 32.73507226031209 10.99
      vertex 21.558585424451977 34.841531812760024 10.99
    endloop
  endfacet
  facet normal -0.6863289091595776 0.17191644214679855 0.7066805256772051
    outer loop
      vertex 21.304636763705595 33.82771192947177 10.99
      vertex 21.558585424451977 34.841531812760024 10.99
      vertex 20.410257021573326 35.18987342546538 9.79
    endloop
  endfacet
  facet normal -0.6661732898343411 0.23836061448964507 0.7066805256772042
    outer loop
      vertex 20.802027539741253 36.28479867352631 9.79
      vertex 21.558585424451977 34.841531812760024 10.99
      vertex 21.910682978754796 35.82557855468821 10.99
    endloop
  endfacet
  facet normal 0 0 1
    outer loop
      vertex 21.748393496944423 32.73507226031209 10.99
      vertex 21.893107931947533 33.710657736262085 10.99
      vertex 21.558585424451977 34.841531812760024 10.99
    endloop
  endfacet
  facet normal 0 0 1
    outer loop
      vertex 21.893107931947533 33.710657736262085 10.99
      vertex 22.1327496258913 34.66736100640735 10.99
      vertex 21.558585424451977 34.841531812760024 10.99
    endloop
  endfacet
  facet normal 0 0 1
    outer loop
      vertex 22.1327496258913 34.66736100640735 10.99
      vertex 21.910682978754796 35.82557855468821 10.99
      vertex 21.558585424451977 34.841531812760024 10.99
    endloop
  endfacet
  facet normal 0 0 1
    outer loop
      vertex 22.1327496258913 34.66736100640735 10.99
      vertex 22.46501069826157 35.595968495269155 10.99
      vertex 21.910682978754796 35.82557855468821 10.99
    endloop
  endfacet
  facet normal -0.6396020575606357 0.3025092438137909 0.7066805256772042
    outer loop
      vertex 20.802027539741253 36.28479867352631 9.79
      vertex 21.910682978754796 35.82557855468821 10.99
      vertex 21.29923301747199 37.33605133138807 9.79
    endloop
  endfacet
  facet normal -0.6068711078305686 0.3637445437516381 0.7066805256772052
    outer loop
      vertex 21.29923301747199 37.33605133138807 9.79
      vertex 22.35753853469002 36.770375247196874 10.99
      vertex 21.897085094214837 38.333507261282286 9.79
    endloop
  endfacet
  facet normal -0.5682956575826005 0.4214767848901621 0.7066805256772057
    outer loop
      vertex 22.894848628977893 37.66682298165876 10.99
      vertex 22.589826127651566 39.2675604173392 9.79
      vertex 21.897085094214837 38.333507261282286 9.79
    endloop
  endfacet
  facet normal -0.5242472094901067 0.4751499741875462 0.7066805256772046
    outer loop
      vertex 22.589826127651566 39.2675604173392 9.79
      vertex 23.51743867168685 38.506288476342824 10.99
      vertex 23.370784642939412 40.12921535706059 9.79
    endloop
  endfacet
  facet normal -0.6396020575606338 0.30250924381379246 0.7066805256772052
    outer loop
      vertex 21.29923301747199 37.33605133138807 9.79
      vertex 21.910682978754796 35.82557855468821 10.99
      vertex 22.35753853469002 36.770375247196874 10.99
    endloop
  endfacet
  facet normal -0.6068711078305674 0.36374454375163884 0.7066805256772057
    outer loop
      vertex 22.35753853469002 36.770375247196874 10.99
      vertex 22.894848628977893 37.66682298165876 10.99
      vertex 21.897085094214837 38.333507261282286 9.79
    endloop
  endfacet
  facet normal 0 0 1
    outer loop
      vertex 21.910682978754796 35.82557855468821 10.99
      vertex 22.46501069826157 35.595968495269155 10.99
      vertex 22.35753853469002 36.770375247196874 10.99
    endloop
  endfacet
  facet normal 0 0 1
    outer loop
      vertex 22.46501069826157 35.595968495269155 10.99
      vertex 22.88669129329903 36.487537205101276 10.99
      vertex 22.35753853469002 36.770375247196874 10.99
    endloop
  endfacet
  facet normal 0 0 1
    outer loop
      vertex 22.35753853469002 36.770375247196874 10.99
      vertex 22.88669129329903 36.487537205101276 10.99
      vertex 23.393730396359423 37.333480841847 10.99
    endloop
  endfacet
  facet normal 0 0 1
    outer loop
      vertex 22.35753853469002 36.770375247196874 10.99
      vertex 23.393730396359423 37.333480841847 10.99
      vertex 22.894848628977893 37.66682298165876 10.99
    endloop
  endfacet
  facet normal -0.5682956575826026 0.4214767848901609 0.7066805256772047
    outer loop
      vertex 22.894848628977893 37.66682298165876 10.99
      vertex 23.51743867168685 38.506288476342824 10.99
      vertex 22.589826127651566 39.2675604173392 9.79
    endloop
  endfacet
  facet normal -0.5242472094901076 0.47514997418754584 0.7066805256772042
    outer loop
      vertex 23.370784642939412 40.12921535706059 9.79
      vertex 23.51743867168685 38.506288476342824 10.99
      vertex 24.219312780363268 39.28068721963673 10.99
    endloop
  endfacet
  facet normal 0 0 1
    outer loop
      vertex 22.894848628977893 37.66682298165876 10.99
      vertex 23.393730396359423 37.333480841847 10.99
      vertex 23.981244943704496 38.125652505844634 10.99
    endloop
  endfacet
  facet normal 0 0 1
    outer loop
      vertex 22.894848628977893 37.66682298165876 10.99
      vertex 23.981244943704496 38.125652505844634 10.99
      vertex 23.51743867168685 38.506288476342824 10.99
    endloop
  endfacet
  facet normal 0 0 1
    outer loop
      vertex 23.51743867168685 38.506288476342824 10.99
      vertex 23.981244943704496 38.125652505844634 10.99
      vertex 24.6435768490752 38.856423150924805 10.99
    endloop
  endfacet
  facet normal 0 0 1
    outer loop
      vertex 23.51743867168685 38.506288476342824 10.99
      vertex 24.6435768490752 38.856423150924805 10.99
      vertex 24.219312780363268 39.28068721963673 10.99
    endloop
  endfacet
  facet normal 0 0 1
    outer loop
      vertex 24.219312780363268 39.28068721963673 10.99
      vertex 24.6435768490752 38.856423150924805 10.99
      vertex 25.374347494155366 39.518755056295504 10.99
    endloop
  endfacet
  facet normal 0 0 1
    outer loop
      vertex 24.219312780363268 39.28068721963673 10.99
      vertex 25.374347494155366 39.518755056295504 10.99
      vertex 24.993711523657176 39.98256132831315 10.99
    endloop
  endfacet
  facet normal -0.4751499741875476 0.5242472094901058 0.7066805256772043
    outer loop
      vertex 23.370784642939412 40.12921535706059 9.79
      vertex 24.219312780363268 39.28068721963673 10.99
      vertex 24.232439582660803 40.91017387234844 9.79
    endloop
  endfacet
  facet normal -0.42147678489016127 0.5682956575826024 0.7066805256772046
    outer loop
      vertex 24.993711523657176 39.98256132831315 10.99
      vertex 25.166492738717714 41.60291490578516 9.79
      vertex 24.232439582660803 40.91017387234844 9.79
    endloop
  endfacet
  facet normal -0.3637445437516374 0.6068711078305674 0.7066805256772066
    outer loop
      vertex 25.166492738717714 41.60291490578516 9.79
      vertex 25.83317701834124 40.6051513710221 10.99
      vertex 26.16394866861193 42.20076698252801 9.79
    endloop
  endfacet
  facet normal -0.3025092438137909 0.6396020575606336 0.7066805256772061
    outer loop
      vertex 26.16394866861193 42.20076698252801 9.79
      vertex 26.729624752803126 41.14246146530998 10.99
      vertex 27.215201326473686 42.69797246025875 9.79
    endloop
  endfacet
  facet normal -0.23836061448964432 0.6661732898343421 0.7066805256772035
    outer loop
      vertex 27.215201326473686 42.69797246025875 9.79
      vertex 27.674421445311793 41.58931702124521 10.99
      vertex 28.31012657453462 43.08974297842667 9.79
    endloop
  endfacet
  facet normal -0.4751499741875469 0.5242472094901061 0.7066805256772046
    outer loop
      vertex 24.219312780363268 39.28068721963673 10.99
      vertex 24.993711523657176 39.98256132831315 10.99
      vertex 24.232439582660803 40.91017387234844 9.79
    endloop
  endfacet
  facet normal -0.4214767848901566 0.5682956575826034 0.7066805256772067
    outer loop
      vertex 24.993711523657176 39.98256132831315 10.99
      vertex 25.83317701834124 40.6051513710221 10.99
      vertex 25.166492738717714 41.60291490578516 9.79
    endloop
  endfacet
  facet normal 0 0 1
    outer loop
      vertex 24.993711523657176 39.98256132831315 10.99
      vertex 25.374347494155366 39.518755056295504 10.99
      vertex 26.166519158152997 40.10626960364058 10.99
    endloop
  endfacet
  facet normal 0 0 1
    outer loop
      vertex 24.993711523657176 39.98256132831315 10.99
      vertex 26.166519158152997 40.10626960364058 10.99
      vertex 25.83317701834124 40.6051513710221 10.99
    endloop
  endfacet
  facet normal -0.36374454375163867 0.6068711078305672 0.7066805256772061
    outer loop
      vertex 25.83317701834124 40.6051513710221 10.99
      vertex 26.729624752803126 41.14246146530998 10.99
      vertex 26.16394866861193 42.20076698252801 9.79
    endloop
  endfacet
  facet normal 0 0 1
    outer loop
      vertex 26.166519158152997 40.10626960364058 10.99
      vertex 27.012462794898724 40.61330870670097 10.99
      vertex 25.83317701834124 40.6051513710221 10.99
    endloop
  endfacet
  facet normal 0 0 1
    outer loop
      vertex 25.83317701834124 40.6051513710221 10.99
      vertex 27.012462794898724 40.61330870670097 10.99
      vertex 26.729624752803126 41.14246146530998 10.99
    endloop
  endfacet
  facet normal 0 0 1
    outer loop
      vertex 27.012462794898724 40.61330870670097 10.99
      vertex 27.90403150473085 41.034989301738435 10.99
      vertex 26.729624752803126 41.14246146530998 10.99
    endloop
  endfacet
  facet normal 0 0 1
    outer loop
      vertex 26.729624752803126 41.14246146530998 10.99
      vertex 27.90403150473085 41.034989301738435 10.99
      vertex 27.674421445311793 41.58931702124521 10.99
    endloop
  endfacet
  facet normal -0.3025092438137971 0.6396020575606335 0.7066805256772035
    outer loop
      vertex 27.215201326473686 42.69797246025875 9.79
      vertex 26.729624752803126 41.14246146530998 10.99
      vertex 27.674421445311793 41.58931702124521 10.99
    endloop
  endfacet
  facet normal -0.17191644214679985 0.6863289091595782 0.7066805256772041
    outer loop
      vertex 28.31012657453462 43.08974297842667 9.79
      vertex 28.658468187239976 41.94141457554802 10.99
      vertex 29.43817968410888 43.37230557277828 9.79
    endloop
  endfacet
  facet normal -0.10381662048698971 0.6998748059040631 0.7066805256772046
    outer loop
      vertex 29.43817968410888 43.37230557277828 9.79
      vertex 29.672288070528232 42.195363236294405 10.99
      vertex 30.588496887094706 43.542939011065535 9.79
    endloop
  endfacet
  facet normal -0.03471698801995199 0.7066805256772042 0.7066805256772064
    outer loop
      vertex 30.588496887094706 43.542939011065535 9.79
      vertex 30.70611745549018 42.348717339058894 10.99
      vertex 31.75 43.6 9.79
    endloop
  endfacet
  facet normal 0 0 1
    outer loop
      vertex 27.90403150473085 41.034989301738435 10.99
      vertex 28.832638993592653 41.3672503741087 10.99
      vertex 27.674421445311793 41.58931702124521 10.99
    endloop
  endfacet
  facet normal 0 0 1
    outer loop
      vertex 27.674421445311793 41.58931702124521 10.99
      vertex 28.832638993592653 41.3672503741087 10.99
      vertex 28.658468187239976 41.94141457554802 10.99
    endloop
  endfacet
  facet normal 0 0 1
    outer loop
      vertex 28.658468187239976 41.94141457554802 10.99
      vertex 28.832638993592653 41.3672503741087 10.99
      vertex 29.78934226373791 41.60689206805247 10.99
    endloop
  endfacet
  facet normal -0.23836061448964302 0.666173289834342 0.7066805256772041
    outer loop
      vertex 28.31012657453462 43.08974297842667 9.79
      vertex 27.674421445311793 41.58931702124521 10.99
      vertex 28.658468187239976 41.94141457554802 10.99
    endloop
  endfacet
  facet normal -0.1719164421467987 0.686328909159578 0.7066805256772046
    outer loop
      vertex 28.658468187239976 41.94141457554802 10.99
      vertex 29.672288070528232 42.195363236294405 10.99
      vertex 29.43817968410888 43.37230557277828 9.79
    endloop
  endfacet
  facet normal 0 0 1
    outer loop
      vertex 28.658468187239976 41.94141457554802 10.99
      vertex 29.78934226373791 41.60689206805247 10.99
      vertex 29.672288070528232 42.195363236294405 10.99
    endloop
  endfacet
  facet normal -0.1038166204869854 0.6998748059040619 0.7066805256772064
    outer loop
      vertex 30.588496887094706 43.542939011065535 9.79
      vertex 29.672288070528232 42.195363236294405 10.99
      vertex 30.70611745549018 42.348717339058894 10.99
    endloop
  endfacet
  facet normal -0.03471698801995344 0.7066805256772047 0.7066805256772059
    outer loop
      vertex 30.70611745549018 42.348717339058894 10.99
      vertex 31.75 42.4 10.99
      vertex 31.75 43.6 9.79
    endloop
  endfacet
  facet normal 0 0 1
    outer loop
      vertex 29.78934226373791 41.60689206805247 10.99
      vertex 30.764927739687916 41.75160650305558 10.99
      vertex 29.672288070528232 42.195363236294405 10.99
    endloop
  endfacet
  facet normal 0 0 1
    outer loop
      vertex 29.672288070528232 42.195363236294405 10.99
      vertex 30.764927739687916 41.75160650305558 10.99
      vertex 30.70611745549018 42.348717339058894 10.99
    endloop
  endfacet
  facet normal 0 0 1
    outer loop
      vertex 30.764927739687916 41.75160650305558 10.99
      vertex 31.75 41.8 10.99
      vertex 30.70611745549018 42.348717339058894 10.99
    endloop
  endfacet
  facet normal 0 0 1
    outer loop
      vertex 30.70611745549018 42.348717339058894 10.99
      vertex 31.75 41.8 10.99
      vertex 31.75 42.4 10.99
    endloop
  endfacet
  facet normal 0.03471698801995204 -0.7066805256772052 0.7066805256772054
    outer loop
      vertex 31.75 19.9 9.79
      vertex 32.911503112905294 19.957060988934465 9.79
      vertex 32.79388254450982 21.151282660941103 10.99
    endloop
  endfacet
  facet normal 0.10381662048698971 -0.6998748059040631 0.7066805256772046
    outer loop
      vertex 32.911503112905294 19.957060988934465 9.79
      vertex 34.06182031589112 20.12769442722172 9.79
      vertex 33.82771192947177 21.304636763705595 10.99
    endloop
  endfacet
  facet normal 0.17191644214679758 -0.6863289091595779 0.706680525677205
    outer loop
      vertex 34.06182031589112 20.12769442722172 9.79
      vertex 35.18987342546538 20.410257021573326 9.79
      vertex 34.841531812760024 21.558585424451977 10.99
    endloop
  endfacet
  facet normal 0.03471698801995108 -0.7066805256772049 0.706680525677206
    outer loop
      vertex 31.75 19.9 9.79
      vertex 32.79388254450982 21.151282660941103 10.99
      vertex 31.75 21.1 10.99
    endloop
  endfacet
  facet normal 0.10381662048698788 -0.6998748059040626 0.7066805256772054
    outer loop
      vertex 32.911503112905294 19.957060988934465 9.79
      vertex 33.82771192947177 21.304636763705595 10.99
      vertex 32.79388254450982 21.151282660941103 10.99
    endloop
  endfacet
  facet normal 0 0 1
    outer loop
      vertex 31.75 21.1 10.99
      vertex 32.79388254450982 21.151282660941103 10.99
      vertex 31.75 21.700000000000003 10.99
    endloop
  endfacet
  facet normal 0 0 1
    outer loop
      vertex 32.79388254450982 21.151282660941103 10.99
      vertex 32.73507226031209 21.748393496944423 10.99
      vertex 31.75 21.700000000000003 10.99
    endloop
  endfacet
  facet normal 0 0 1
    outer loop
      vertex 32.79388254450982 21.151282660941103 10.99
      vertex 33.82771192947177 21.304636763705595 10.99
      vertex 32.73507226031209 21.748393496944423 10.99
    endloop
  endfacet
  facet normal 0 0 1
    outer loop
      vertex 32.73507226031209 21.748393496944423 10.99
      vertex 33.82771192947177 21.304636763705595 10.99
      vertex 33.710657736262085 21.893107931947533 10.99
    endloop
  endfacet
  facet normal 0.17191644214679874 -0.686328909159578 0.7066805256772046
    outer loop
      vertex 34.06182031589112 20.12769442722172 9.79
      vertex 34.841531812760024 21.558585424451977 10.99
      vertex 33.82771192947177 21.304636763705595 10.99
    endloop
  endfacet
  facet normal 0.23836061448964482 -0.6661732898343403 0.706680525677205
    outer loop
      vertex 35.18987342546538 20.410257021573326 9.79
      vertex 35.82557855468821 21.910682978754796 10.99
      vertex 34.841531812760024 21.558585424451977 10.99
    endloop
  endfacet
  facet normal 0 0 1
    outer loop
      vertex 33.82771192947177 21.304636763705595 10.99
      vertex 34.841531812760024 21.558585424451977 10.99
      vertex 33.710657736262085 21.893107931947533 10.99
    endloop
  endfacet
  facet normal 0 0 1
    outer loop
      vertex 33.710657736262085 21.893107931947533 10.99
      vertex 34.841531812760024 21.558585424451977 10.99
      vertex 34.66736100640735 22.1327496258913 10.99
    endloop
  endfacet
  facet normal 0 0 1
    outer loop
      vertex 34.66736100640735 22.1327496258913 10.99
      vertex 34.841531812760024 21.558585424451977 10.99
      vertex 35.82557855468821 21.910682978754796 10.99
    endloop
  endfacet
  facet normal 0 0 1
    outer loop
      vertex 34.66736100640735 22.1327496258913 10.99
      vertex 35.82557855468821 21.910682978754796 10.99
      vertex 35.595968495269155 22.46501069826157 10.99
    endloop
  endfacet
  facet normal 0.23836061448964668 -0.6661732898343407 0.7066805256772043
    outer loop
      vertex 35.18987342546538 20.410257021573326 9.79
      vertex 36.28479867352631 20.802027539741253 9.79
      vertex 35.82557855468821 21.910682978754796 10.99
    endloop
  endfacet
  facet normal 0.30250924381379046 -0.6396020575606349 0.7066805256772052
    outer loop
      vertex 36.28479867352631 20.802027539741253 9.79
      vertex 37.33605133138807 21.29923301747199 9.79
      vertex 36.770375247196874 22.35753853469002 10.99
    endloop
  endfacet
  facet normal 0.3637445437516378 -0.6068711078305681 0.7066805256772057
    outer loop
      vertex 37.33605133138807 21.29923301747199 9.79
      vertex 38.333507261282286 21.897085094214837 9.79
      vertex 37.66682298165876 22.894848628977893 10.99
    endloop
  endfacet
  facet normal 0.4214767848901626 -0.5682956575826013 0.7066805256772046
    outer loop
      vertex 38.333507261282286 21.897085094214837 9.79
      vertex 39.2675604173392 22.589826127651566 9.79
      vertex 38.506288476342824 23.51743867168685 10.99
    endloop
  endfacet
  facet normal 0.4751499741875464 -0.524247209490107 0.7066805256772044
    outer loop
      vertex 39.2675604173392 22.589826127651566 9.79
      vertex 40.12921535706059 23.370784642939412 9.79
      vertex 39.28068721963673 24.219312780363268 10.99
    endloop
  endfacet
  facet normal 0.30250924381379296 -0.6396020575606347 0.7066805256772041
    outer loop
      vertex 36.28479867352631 20.802027539741253 9.79
      vertex 36.770375247196874 22.35753853469002 10.99
      vertex 35.82557855468821 21.910682978754796 10.99
    endloop
  endfacet
  facet normal 0.3637445437516391 -0.606871107830568 0.7066805256772052
    outer loop
      vertex 37.33605133138807 21.29923301747199 9.79
      vertex 37.66682298165876 22.894848628977893 10.99
      vertex 36.770375247196874 22.35753853469002 10.99
    endloop
  endfacet
  facet normal 0 0 1
    outer loop
      vertex 35.82557855468821 21.910682978754796 10.99
      vertex 36.770375247196874 22.35753853469002 10.99
      vertex 35.595968495269155 22.46501069826157 10.99
    endloop
  endfacet
  facet normal 0 0 1
    outer loop
      vertex 35.595968495269155 22.46501069826157 10.99
      vertex 36.770375247196874 22.35753853469002 10.99
      vertex 36.487537205101276 22.88669129329903 10.99
    endloop
  endfacet
  facet normal 0 0 1
    outer loop
      vertex 36.770375247196874 22.35753853469002 10.99
      vertex 37.66682298165876 22.894848628977893 10.99
      vertex 36.487537205101276 22.88669129329903 10.99
    endloop
  endfacet
  facet normal 0 0 1
    outer loop
      vertex 36.487537205101276 22.88669129329903 10.99
      vertex 37.66682298165876 22.894848628977893 10.99
      vertex 37.333480841847 23.393730396359423 10.99
    endloop
  endfacet
  facet normal 0.42147678489016027 -0.5682956575826018 0.7066805256772057
    outer loop
      vertex 37.66682298165876 22.894848628977893 10.99
      vertex 38.333507261282286 21.897085094214837 9.79
      vertex 38.506288476342824 23.51743867168685 10.99
    endloop
  endfacet
  facet normal 0.47514997418754557 -0.5242472094901073 0.7066805256772046
    outer loop
      vertex 39.2675604173392 22.589826127651566 9.79
      vertex 39.28068721963673 24.219312780363268 10.99
      vertex 38.506288476342824 23.51743867168685 10.99
    endloop
  endfacet
  facet normal 0 0 1
    outer loop
      vertex 37.66682298165876 22.894848628977893 10.99
      vertex 38.506288476342824 23.51743867168685 10.99
      vertex 37.333480841847 23.393730396359423 10.99
    endloop
  endfacet
  facet normal 0 0 1
    outer loop
      vertex 37.333480841847 23.393730396359423 10.99
      vertex 38.506288476342824 23.51743867168685 10.99
      vertex 38.125652505844634 23.981244943704496 10.99
    endloop
  endfacet
  facet normal 0 0 1
    outer loop
      vertex 38.125652505844634 23.981244943704496 10.99
      vertex 38.506288476342824 23.51743867168685 10.99
      vertex 39.28068721963673 24.219312780363268 10.99
    endloop
  endfacet
  facet normal 0 0 1
    outer loop
      vertex 38.125652505844634 23.981244943704496 10.99
      vertex 39.28068721963673 24.219312780363268 10.99
      vertex 38.856423150924805 24.6435768490752 10.99
    endloop
  endfacet
  facet normal 0 0 1
    outer loop
      vertex 38.856423150924805 24.6435768490752 10.99
      vertex 39.28068721963673 24.219312780363268 10.99
      vertex 39.98256132831315 24.993711523657176 10.99
    endloop
  endfacet
  facet normal 0 0 1
    outer loop
      vertex 38.856423150924805 24.6435768490752 10.99
      vertex 39.98256132831315 24.993711523657176 10.99
      vertex 39.518755056295504 25.374347494155366 10.99
    endloop
  endfacet
  facet normal 0.5242472094901057 -0.47514997418754745 0.7066805256772046
    outer loop
      vertex 40.12921535706059 23.370784642939412 9.79
      vertex 40.91017387234844 24.232439582660803 9.79
      vertex 39.98256132831315 24.993711523657176 10.99
    endloop
  endfacet
  facet normal 0.5682956575826008 -0.42147678489016016 0.7066805256772066
    outer loop
      vertex 40.91017387234844 24.232439582660803 9.79
      vertex 41.60291490578516 25.166492738717714 9.79
      vertex 40.6051513710221 25.83317701834124 10.99
    endloop
  endfacet
  facet normal 0.6068711078305679 -0.3637445437516376 0.7066805256772061
    outer loop
      vertex 41.60291490578516 25.166492738717714 9.79
      vertex 42.20076698252801 26.16394866861193 9.79
      vertex 41.14246146530998 26.729624752803126 10.99
    endloop
  endfacet
  facet normal 0.6396020575606358 -0.30250924381379196 0.7066805256772036
    outer loop
      vertex 42.20076698252801 26.16394866861193 9.79
      vertex 42.69797246025875 27.215201326473686 9.79
      vertex 41.58931702124521 27.674421445311793 10.99
    endloop
  endfacet
  facet normal 0.5242472094901064 -0.47514997418754706 0.7066805256772043
    outer loop
      vertex 40.12921535706059 23.370784642939412 9.79
      vertex 39.98256132831315 24.993711523657176 10.99
      vertex 39.28068721963673 24.219312780363268 10.99
    endloop
  endfacet
  facet normal 0.5682956575826049 -0.42147678489015783 0.7066805256772046
    outer loop
      vertex 39.98256132831315 24.993711523657176 10.99
      vertex 40.91017387234844 24.232439582660803 9.79
      vertex 40.6051513710221 25.83317701834124 10.99
    endloop
  endfacet
  facet normal 0 0 1
    outer loop
      vertex 39.518755056295504 25.374347494155366 10.99
      vertex 39.98256132831315 24.993711523657176 10.99
      vertex 40.6051513710221 25.83317701834124 10.99
    endloop
  endfacet
  facet normal 0 0 1
    outer loop
      vertex 39.518755056295504 25.374347494155366 10.99
      vertex 40.6051513710221 25.83317701834124 10.99
      vertex 40.10626960364058 26.166519158152997 10.99
    endloop
  endfacet
  facet normal 0.6068711078305667 -0.36374454375163834 0.7066805256772066
    outer loop
      vertex 41.60291490578516 25.166492738717714 9.79
      vertex 41.14246146530998 26.729624752803126 10.99
      vertex 40.6051513710221 25.83317701834124 10.99
    endloop
  endfacet
  facet normal 0.639602057560631 -0.30250924381379596 0.7066805256772063
    outer loop
      vertex 42.20076698252801 26.16394866861193 9.79
      vertex 41.58931702124521 27.674421445311793 10.99
      vertex 41.14246146530998 26.729624752803126 10.99
    endloop
  endfacet
  facet normal 0 0 1
    outer loop
      vertex 40.10626960364058 26.166519158152997 10.99
      vertex 40.6051513710221 25.83317701834124 10.99
      vertex 41.14246146530998 26.729624752803126 10.99
    endloop
  endfacet
  facet normal 0 0 1
    outer loop
      vertex 40.10626960364058 26.166519158152997 10.99
      vertex 41.14246146530998 26.729624752803126 10.99
      vertex 40.61330870670097 27.012462794898724 10.99
    endloop
  endfacet
  facet normal 0 0 1
    outer loop
      vertex 40.61330870670097 27.012462794898724 10.99
      vertex 41.14246146530998 26.729624752803126 10.99
      vertex 41.034989301738435 27.90403150473085 10.99
    endloop
  endfacet
  facet normal 0 0 1
    outer loop
      vertex 41.14246146530998 26.729624752803126 10.99
      vertex 41.58931702124521 27.674421445311793 10.99
      vertex 41.034989301738435 27.90403150473085 10.99
    endloop
  endfacet
  facet normal 0.6661732898343417 -0.23836061448964413 0.706680525677204
    outer loop
      vertex 42.69797246025875 27.215201326473686 9.79
      vertex 43.08974297842667 28.31012657453462 9.79
      vertex 41.94141457554802 28.658468187239976 10.99
    endloop
  endfacet
  facet normal 0.6863289091595777 -0.17191644214679971 0.7066805256772045
    outer loop
      vertex 43.08974297842667 28.31012657453462 9.79
      vertex 43.37230557277828 29.43817968410888 9.79
      vertex 42.195363236294405 29.672288070528232 10.99
    endloop
  endfacet
  facet normal 0.6998748059040613 -0.10381662048698943 0.7066805256772064
    outer loop
      vertex 43.37230557277828 29.43817968410888 9.79
      vertex 43.542939011065535 30.588496887094706 9.79
      vertex 42.348717339058894 30.70611745549018 10.99
    endloop
  endfacet
  facet normal 0.7066805256772042 -0.03471698801995199 0.7066805256772064
    outer loop
      vertex 43.542939011065535 30.588496887094706 9.79
      vertex 43.6 31.75 9.79
      vertex 42.348717339058894 30.70611745549018 10.99
    endloop
  endfacet
  facet normal 0 0 1
    outer loop
      vertex 41.034989301738435 27.90403150473085 10.99
      vertex 41.58931702124521 27.674421445311793 10.99
      vertex 41.3672503741087 28.832638993592653 10.99
    endloop
  endfacet
  facet normal 0 0 1
    outer loop
      vertex 41.58931702124521 27.674421445311793 10.99
      vertex 41.94141457554802 28.658468187239976 10.99
      vertex 41.3672503741087 28.832638993592653 10.99
    endloop
  endfacet
  facet normal 0 0 1
    outer loop
      vertex 41.94141457554802 28.658468187239976 10.99
      vertex 41.60689206805247 29.78934226373791 10.99
      vertex 41.3672503741087 28.832638993592653 10.99
    endloop
  endfacet
  facet normal 0.6661732898343427 -0.2383606144896432 0.7066805256772035
    outer loop
      vertex 42.69797246025875 27.215201326473686 9.79
      vertex 41.94141457554802 28.658468187239976 10.99
      vertex 41.58931702124521 27.674421445311793 10.99
    endloop
  endfacet
  facet normal 0.6863289091595784 -0.17191644214679874 0.7066805256772041
    outer loop
      vertex 43.08974297842667 28.31012657453462 9.79
      vertex 42.195363236294405 29.672288070528232 10.99
      vertex 41.94141457554802 28.658468187239976 10.99
    endloop
  endfacet
  facet normal 0 0 1
    outer loop
      vertex 41.94141457554802 28.658468187239976 10.99
      vertex 41.75160650305558 30.764927739687916 10.99
      vertex 41.60689206805247 29.78934226373791 10.99
    endloop
  endfacet
  facet normal 0.6998748059040637 -0.10381662048698573 0.7066805256772046
    outer loop
      vertex 43.37230557277828 29.43817968410888 9.79
      vertex 42.348717339058894 30.70611745549018 10.99
      vertex 42.195363236294405 29.672288070528232 10.99
    endloop
  endfacet
  facet normal 0.7066805256772047 -0.03471698801995344 0.7066805256772059
    outer loop
      vertex 42.348717339058894 30.70611745549018 10.99
      vertex 43.6 31.75 9.79
      vertex 42.4 31.75 10.99
    endloop
  endfacet
  facet normal 0 0 1
    outer loop
      vertex 41.94141457554802 28.658468187239976 10.99
      vertex 41.8 31.75 10.99
      vertex 41.75160650305558 30.764927739687916 10.99
    endloop
  endfacet
  facet normal 0 0 1
    outer loop
      vertex 41.94141457554802 28.658468187239976 10.99
      vertex 42.195363236294405 29.672288070528232 10.99
      vertex 41.94141457554802 34.841531812760024 10.99
    endloop
  endfacet
  facet normal 0 0 1
    outer loop
      vertex 42.195363236294405 29.672288070528232 10.99
      vertex 42.348717339058894 30.70611745549018 10.99
      vertex 42.195363236294405 33.82771192947177 10.99
    endloop
  endfacet
  facet normal 0 0 1
    outer loop
      vertex 38.856423150924805 38.856423150924805 10.99
      vertex 38.506288476342824 39.98256132831315 10.99
      vertex 38.125652505844634 39.518755056295504 10.99
    endloop
  endfacet
  facet normal 0 0 1
    outer loop
      vertex 39.518755056295504 38.125652505844634 10.99
      vertex 39.98256132831315 38.506288476342824 10.99
      vertex 39.28068721963673 39.28068721963673 10.99
    endloop
  endfacet
  facet normal 0 0 1
    outer loop
      vertex 38.856423150924805 38.856423150924805 10.99
      vertex 39.28068721963673 39.28068721963673 10.99
      vertex 38.506288476342824 39.98256132831315 10.99
    endloop
  endfacet
  facet normal 0 0 1
    outer loop
      vertex 38.856423150924805 38.856423150924805 10.99
      vertex 39.518755056295504 38.125652505844634 10.99
      vertex 39.28068721963673 39.28068721963673 10.99
    endloop
  endfacet
  facet normal 0.03471698801995199 0.7066805256772042 0.7066805256772064
    outer loop
      vertex 31.75 43.6 9.79
      vertex 32.79388254450982 42.348717339058894 10.99
      vertex 32.911503112905294 43.542939011065535 9.79
    endloop
  endfacet
  facet normal 0.10381662048698971 0.6998748059040631 0.7066805256772046
    outer loop
      vertex 32.911503112905294 43.542939011065535 9.79
      vertex 33.82771192947177 42.195363236294405 10.99
      vertex 34.06182031589112 43.37230557277828 9.79
    endloop
  endfacet
  facet normal 0.17191644214679985 0.6863289091595782 0.7066805256772041
    outer loop
      vertex 34.06182031589112 43.37230557277828 9.79
      vertex 34.841531812760024 41.94141457554802 10.99
      vertex 35.18987342546538 43.08974297842667 9.79
    endloop
  endfacet
  facet normal 0.03471698801995341 0.7066805256772047 0.7066805256772059
    outer loop
      vertex 31.75 43.6 9.79
      vertex 31.75 42.4 10.99
      vertex 32.79388254450982 42.348717339058894 10.99
    endloop
  endfacet
  facet normal 0.10381662048698541 0.6998748059040618 0.7066805256772065
    outer loop
      vertex 32.911503112905294 43.542939011065535 9.79
      vertex 32.79388254450982 42.348717339058894 10.99
      vertex 33.82771192947177 42.195363236294405 10.99
    endloop
  endfacet
  facet normal 0 0 1
    outer loop
      vertex 31.75 41.8 10.99
      vertex 32.73507226031209 41.75160650305558 10.99
      vertex 31.75 42.4 10.99
    endloop
  endfacet
  facet normal 0 0 1
    outer loop
      vertex 32.73507226031209 41.75160650305558 10.99
      vertex 32.79388254450982 42.348717339058894 10.99
      vertex 31.75 42.4 10.99
    endloop
  endfacet
  facet normal 0 0 1
    outer loop
      vertex 32.73507226031209 41.75160650305558 10.99
      vertex 33.710657736262085 41.60689206805247 10.99
      vertex 32.79388254450982 42.348717339058894 10.99
    endloop
  endfacet
  facet normal 0 0 1
    outer loop
      vertex 32.79388254450982 42.348717339058894 10.99
      vertex 33.710657736262085 41.60689206805247 10.99
      vertex 33.82771192947177 42.195363236294405 10.99
    endloop
  endfacet
  facet normal 0 0 1
    outer loop
      vertex 34.66736100640735 41.3672503741087 10.99
      vertex 35.595968495269155 41.034989301738435 10.99
      vertex 34.841531812760024 41.94141457554802 10.99
    endloop
  endfacet
  facet normal 0 0 1
    outer loop
      vertex 34.841531812760024 41.94141457554802 10.99
      vertex 35.595968495269155 41.034989301738435 10.99
      vertex 35.82557855468821 41.58931702124521 10.99
    endloop
  endfacet
  facet normal 0.17191644214679871 0.686328909159578 0.7066805256772046
    outer loop
      vertex 34.06182031589112 43.37230557277828 9.79
      vertex 33.82771192947177 42.195363236294405 10.99
      vertex 34.841531812760024 41.94141457554802 10.99
    endloop
  endfacet
  facet normal 0.23836061448964294 0.666173289834342 0.7066805256772041
    outer loop
      vertex 35.18987342546538 43.08974297842667 9.79
      vertex 34.841531812760024 41.94141457554802 10.99
      vertex 35.82557855468821 41.58931702124521 10.99
    endloop
  endfacet
  facet normal 0 0 1
    outer loop
      vertex 33.710657736262085 41.60689206805247 10.99
      vertex 34.66736100640735 41.3672503741087 10.99
      vertex 33.82771192947177 42.195363236294405 10.99
    endloop
  endfacet
  facet normal 0 0 1
    outer loop
      vertex 34.66736100640735 41.3672503741087 10.99
      vertex 34.841531812760024 41.94141457554802 10.99
      vertex 33.82771192947177 42.195363236294405 10.99
    endloop
  endfacet
  facet normal 0.23836061448964513 0.6661732898343422 0.7066805256772033
    outer loop
      vertex 35.18987342546538 43.08974297842667 9.79
      vertex 35.82557855468821 41.58931702124521 10.99
      vertex 36.28479867352631 42.69797246025875 9.79
    endloop
  endfacet
  facet normal 0.3025092438137901 0.639602057560634 0.7066805256772062
    outer loop
      vertex 36.28479867352631 42.69797246025875 9.79
      vertex 36.770375247196874 41.14246146530998 10.99
      vertex 37.33605133138807 42.20076698252801 9.79
    endloop
  endfacet
  facet normal 0.3637445437516373 0.6068711078305674 0.7066805256772066
    outer loop
      vertex 37.66682298165876 40.6051513710221 10.99
      vertex 38.333507261282286 41.60291490578516 9.79
      vertex 37.33605133138807 42.20076698252801 9.79
    endloop
  endfacet
  facet normal 0.4751499741875476 0.5242472094901058 0.7066805256772043
    outer loop
      vertex 40.12921535706059 40.12921535706059 9.79
      vertex 39.2675604173392 40.91017387234844 9.79
      vertex 39.28068721963673 39.28068721963673 10.99
    endloop
  endfacet
  facet normal 0.4214767848901612 0.5682956575826024 0.7066805256772046
    outer loop
      vertex 38.506288476342824 39.98256132831315 10.99
      vertex 39.2675604173392 40.91017387234844 9.79
      vertex 38.333507261282286 41.60291490578516 9.79
    endloop
  endfacet
  facet normal 0.36374454375163867 0.6068711078305672 0.7066805256772061
    outer loop
      vertex 37.66682298165876 40.6051513710221 10.99
      vertex 37.33605133138807 42.20076698252801 9.79
      vertex 36.770375247196874 41.14246146530998 10.99
    endloop
  endfacet
  facet normal 0 0 1
    outer loop
      vertex 36.487537205101276 40.61330870670097 10.99
      vertex 35.82557855468821 41.58931702124521 10.99
      vertex 35.595968495269155 41.034989301738435 10.99
    endloop
  endfacet
  facet normal 0 0 1
    outer loop
      vertex 36.487537205101276 40.61330870670097 10.99
      vertex 36.770375247196874 41.14246146530998 10.99
      vertex 35.82557855468821 41.58931702124521 10.99
    endloop
  endfacet
  facet normal 0 0 1
    outer loop
      vertex 36.487537205101276 40.61330870670097 10.99
      vertex 37.333480841847 40.10626960364058 10.99
      vertex 36.770375247196874 41.14246146530998 10.99
    endloop
  endfacet
  facet normal 0 0 1
    outer loop
      vertex 37.333480841847 40.10626960364058 10.99
      vertex 37.66682298165876 40.6051513710221 10.99
      vertex 36.770375247196874 41.14246146530998 10.99
    endloop
  endfacet
  facet normal 0.3025092438137973 0.6396020575606339 0.7066805256772031
    outer loop
      vertex 36.28479867352631 42.69797246025875 9.79
      vertex 35.82557855468821 41.58931702124521 10.99
      vertex 36.770375247196874 41.14246146530998 10.99
    endloop
  endfacet
  facet normal 0.4214767848901566 0.5682956575826034 0.7066805256772067
    outer loop
      vertex 37.66682298165876 40.6051513710221 10.99
      vertex 38.506288476342824 39.98256132831315 10.99
      vertex 38.333507261282286 41.60291490578516 9.79
    endloop
  endfacet
  facet normal 0.4751499741875469 0.5242472094901061 0.7066805256772046
    outer loop
      vertex 38.506288476342824 39.98256132831315 10.99
      vertex 39.28068721963673 39.28068721963673 10.99
      vertex 39.2675604173392 40.91017387234844 9.79
    endloop
  endfacet
  facet normal 0 0 1
    outer loop
      vertex 37.333480841847 40.10626960364058 10.99
      vertex 38.125652505844634 39.518755056295504 10.99
      vertex 37.66682298165876 40.6051513710221 10.99
    endloop
  endfacet
  facet normal 0 0 1
    outer loop
      vertex 37.66682298165876 40.6051513710221 10.99
      vertex 38.125652505844634 39.518755056295504 10.99
      vertex 38.506288476342824 39.98256132831315 10.99
    endloop
  endfacet
  facet normal 0.7066805256772042 0.03471698801995199 0.7066805256772064
    outer loop
      vertex 43.6 31.75 9.79
      vertex 43.542939011065535 32.911503112905294 9.79
      vertex 42.348717339058894 32.79388254450982 10.99
    endloop
  endfacet
  facet normal 0.6998748059040613 0.10381662048698943 0.7066805256772064
    outer loop
      vertex 43.542939011065535 32.911503112905294 9.79
      vertex 43.37230557277828 34.06182031589112 9.79
      vertex 42.348717339058894 32.79388254450982 10.99
    endloop
  endfacet
  facet normal 0.6661732898343414 0.23836061448964482 0.7066805256772041
    outer loop
      vertex 43.08974297842667 35.18987342546538 9.79
      vertex 42.69797246025875 36.28479867352631 9.79
      vertex 41.94141457554802 34.841531812760024 10.99
    endloop
  endfacet
  facet normal 0.6863289091595778 0.17191644214679971 0.7066805256772044
    outer loop
      vertex 43.37230557277828 34.06182031589112 9.79
      vertex 43.08974297842667 35.18987342546538 9.79
      vertex 42.195363236294405 33.82771192947177 10.99
    endloop
  endfacet
  facet normal 0 0 1
    outer loop
      vertex 41.75160650305558 32.73507226031209 10.99
      vertex 41.58931702124521 35.82557855468821 10.99
      vertex 41.60689206805247 33.710657736262085 10.99
    endloop
  endfacet
  facet normal 0 0 1
    outer loop
      vertex 41.3672503741087 34.66736100640735 10.99
      vertex 41.60689206805247 33.710657736262085 10.99
      vertex 41.58931702124521 35.82557855468821 10.99
    endloop
  endfacet
  facet normal 0 0 1
    outer loop
      vertex 41.3672503741087 34.66736100640735 10.99
      vertex 41.14246146530998 36.770375247196874 10.99
      vertex 41.034989301738435 35.595968495269155 10.99
    endloop
  endfacet
  facet normal 0.6998748059040638 0.10381662048698567 0.7066805256772045
    outer loop
      vertex 43.37230557277828 34.06182031589112 9.79
      vertex 42.195363236294405 33.82771192947177 10.99
      vertex 42.348717339058894 32.79388254450982 10.99
    endloop
  endfacet
  facet normal 0.7066805256772047 0.03471698801995341 0.7066805256772059
    outer loop
      vertex 43.6 31.75 9.79
      vertex 42.348717339058894 32.79388254450982 10.99
      vertex 42.4 31.75 10.99
    endloop
  endfacet
  facet normal 0 0 1
    outer loop
      vertex 41.94141457554802 28.658468187239976 10.99
      vertex 41.94141457554802 34.841531812760024 10.99
      vertex 41.8 31.75 10.99
    endloop
  endfacet
  facet normal 0 0 1
    outer loop
      vertex 42.348717339058894 30.70611745549018 10.99
      vertex 42.4 31.75 10.99
      vertex 42.348717339058894 32.79388254450982 10.99
    endloop
  endfacet
  facet normal 0 0 1
    outer loop
      vertex 42.348717339058894 30.70611745549018 10.99
      vertex 42.348717339058894 32.79388254450982 10.99
      vertex 42.195363236294405 33.82771192947177 10.99
    endloop
  endfacet
  facet normal 0 0 1
    outer loop
      vertex 41.8 31.75 10.99
      vertex 41.94141457554802 34.841531812760024 10.99
      vertex 41.75160650305558 32.73507226031209 10.99
    endloop
  endfacet
  facet normal 0 0 1
    outer loop
      vertex 42.195363236294405 29.672288070528232 10.99
      vertex 42.195363236294405 33.82771192947177 10.99
      vertex 41.94141457554802 34.841531812760024 10.99
    endloop
  endfacet
  facet normal 0.6863289091595784 0.1719164421467988 0.7066805256772041
    outer loop
      vertex 42.195363236294405 33.82771192947177 10.99
      vertex 43.08974297842667 35.18987342546538 9.79
      vertex 41.94141457554802 34.841531812760024 10.99
    endloop
  endfacet
  facet normal 0.666173289834343 0.23836061448964335 0.7066805256772031
    outer loop
      vertex 42.69797246025875 36.28479867352631 9.79
      vertex 41.58931702124521 35.82557855468821 10.99
      vertex 41.94141457554802 34.841531812760024 10.99
    endloop
  endfacet
  facet normal 0 0 1
    outer loop
      vertex 41.75160650305558 32.73507226031209 10.99
      vertex 41.94141457554802 34.841531812760024 10.99
      vertex 41.58931702124521 35.82557855468821 10.99
    endloop
  endfacet
  facet normal 0.6068711078305679 0.3637445437516376 0.7066805256772061
    outer loop
      vertex 42.20076698252801 37.33605133138807 9.79
      vertex 41.60291490578516 38.333507261282286 9.79
      vertex 41.14246146530998 36.770375247196874 10.99
    endloop
  endfacet
  facet normal 0.5242472094901056 0.4751499741875474 0.7066805256772046
    outer loop
      vertex 40.12921535706059 40.12921535706059 9.79
      vertex 39.98256132831315 38.506288476342824 10.99
      vertex 40.91017387234844 39.2675604173392 9.79
    endloop
  endfacet
  facet normal 0.5682956575826008 0.4214767848901602 0.7066805256772066
    outer loop
      vertex 40.6051513710221 37.66682298165876 10.99
      vertex 41.60291490578516 38.333507261282286 9.79
      vertex 40.91017387234844 39.2675604173392 9.79
    endloop
  endfacet
  facet normal 0.6396020575606366 0.3025092438137913 0.7066805256772032
    outer loop
      vertex 42.69797246025875 36.28479867352631 9.79
      vertex 42.20076698252801 37.33605133138807 9.79
      vertex 41.58931702124521 35.82557855468821 10.99
    endloop
  endfacet
  facet normal 0.639602057560631 0.30250924381379596 0.7066805256772063
    outer loop
      vertex 42.20076698252801 37.33605133138807 9.79
      vertex 41.14246146530998 36.770375247196874 10.99
      vertex 41.58931702124521 35.82557855468821 10.99
    endloop
  endfacet
  facet normal 0.6068711078305667 0.36374454375163834 0.7066805256772066
    outer loop
      vertex 40.6051513710221 37.66682298165876 10.99
      vertex 41.14246146530998 36.770375247196874 10.99
      vertex 41.60291490578516 38.333507261282286 9.79
    endloop
  endfacet
  facet normal 0 0 1
    outer loop
      vertex 40.61330870670097 36.487537205101276 10.99
      vertex 40.6051513710221 37.66682298165876 10.99
      vertex 40.10626960364058 37.333480841847 10.99
    endloop
  endfacet
  facet normal 0 0 1
    outer loop
      vertex 40.61330870670097 36.487537205101276 10.99
      vertex 41.034989301738435 35.595968495269155 10.99
      vertex 40.6051513710221 37.66682298165876 10.99
    endloop
  endfacet
  facet normal 0 0 1
    outer loop
      vertex 40.6051513710221 37.66682298165876 10.99
      vertex 41.034989301738435 35.595968495269155 10.99
      vertex 41.14246146530998 36.770375247196874 10.99
    endloop
  endfacet
  facet normal 0 0 1
    outer loop
      vertex 41.3672503741087 34.66736100640735 10.99
      vertex 41.58931702124521 35.82557855468821 10.99
      vertex 41.14246146530998 36.770375247196874 10.99
    endloop
  endfacet
  facet normal 0.5682956575826049 0.42147678489015783 0.7066805256772046
    outer loop
      vertex 40.6051513710221 37.66682298165876 10.99
      vertex 40.91017387234844 39.2675604173392 9.79
      vertex 39.98256132831315 38.506288476342824 10.99
    endloop
  endfacet
  facet normal 0.5242472094901064 0.47514997418754706 0.7066805256772044
    outer loop
      vertex 40.12921535706059 40.12921535706059 9.79
      vertex 39.28068721963673 39.28068721963673 10.99
      vertex 39.98256132831315 38.506288476342824 10.99
    endloop
  endfacet
  facet normal 0 0 1
    outer loop
      vertex 40.10626960364058 37.333480841847 10.99
      vertex 39.98256132831315 38.506288476342824 10.99
      vertex 39.518755056295504 38.125652505844634 10.99
    endloop
  endfacet
  facet normal 0 0 1
    outer loop
      vertex 40.10626960364058 37.333480841847 10.99
      vertex 40.6051513710221 37.66682298165876 10.99
      vertex 39.98256132831315 38.506288476342824 10.99
    endloop
  endfacet
  facet normal 0.14478488207164264 0.13122536798242776 0.980722815438377
    outer loop
      vertex 24.679108964829823 24.679108964829823 4.98
      vertex 31.714467884245376 31.714467884245376 3
      vertex 31.711156224718522 31.718121737470778 3
    endloop
  endfacet
  facet normal 0.13122536798242776 0.14478488207164264 0.980722815438377
    outer loop
      vertex 24.679108964829823 24.679108964829823 4.98
      vertex 31.718121737470778 31.711156224718522 3
      vertex 31.714467884245376 31.714467884245376 3
    endloop
  endfacet
  facet normal 0.17664320725098934 0.0835460149300891 0.9807228154383814
    outer loop
      vertex 22.51143564477026 27.923261347207195 4.98
      vertex 31.705683456466495 31.726312313974493 3
      vertex 31.70357505349131 31.730770157523654 3
    endloop
  endfacet
  facet normal 0.18398156339592442 0.06582965599952603 0.9807228154383762
    outer loop
      vertex 22.51143564477026 27.923261347207195 4.98
      vertex 31.70357505349131 31.730770157523654 3
      vertex 31.701913748129456 31.735413194967965 3
    endloop
  endfacet
  facet normal 0.1895480765108728 0.04747932149528732 0.9807228154383762
    outer loop
      vertex 21.942392392287797 29.799145552419223 4.98
      vertex 31.701913748129456 31.735413194967965 3
      vertex 31.70071553965974 31.74019671131869 3
    endloop
  endfacet
  facet normal 0.19328913803146172 0.02867173517034311 0.9807228154383767
    outer loop
      vertex 21.942392392287797 29.799145552419223 4.98
      vertex 31.70071553965974 31.74019671131869 3
      vertex 31.699991967484724 31.74507463869844 3
    endloop
  endfacet
  facet normal 0.1951687194902244 0.009588024362097668 0.9807228154383776
    outer loop
      vertex 21.75025 31.75 4.98
      vertex 31.699991967484724 31.74507463869844 3
      vertex 31.69975 31.75 3
    endloop
  endfacet
  facet normal 0.15695003859910323 0.11640208186438662 0.9807228154383768
    outer loop
      vertex 23.435511744377624 26.194436562362235 4.98
      vertex 31.711156224718522 31.718121737470778 3
      vertex 31.7082186519818 31.722082595790766 3
    endloop
  endfacet
  facet normal 0.16760368045711516 0.10045778006633642 0.9807228154383749
    outer loop
      vertex 23.435511744377624 26.194436562362235 4.98
      vertex 31.7082186519818 31.722082595790766 3
      vertex 31.705683456466495 31.726312313974493 3
    endloop
  endfacet
  facet normal 0.0835460149300891 0.17664320725098934 0.9807228154383814
    outer loop
      vertex 27.923261347207195 22.51143564477026 4.98
      vertex 31.730770157523654 31.70357505349131 3
      vertex 31.726312313974493 31.705683456466495 3
    endloop
  endfacet
  facet normal 0.06582965599952603 0.18398156339592442 0.9807228154383762
    outer loop
      vertex 27.923261347207195 22.51143564477026 4.98
      vertex 31.735413194967965 31.701913748129456 3
      vertex 31.730770157523654 31.70357505349131 3
    endloop
  endfacet
  facet normal 0.11640208186438662 0.15695003859910323 0.9807228154383768
    outer loop
      vertex 26.194436562362235 23.435511744377624 4.98
      vertex 31.722082595790766 31.7082186519818 3
      vertex 31.718121737470778 31.711156224718522 3
    endloop
  endfacet
  facet normal 0.10045778006633642 0.16760368045711516 0.9807228154383749
    outer loop
      vertex 26.194436562362235 23.435511744377624 4.98
      vertex 31.726312313974493 31.705683456466495 3
      vertex 31.722082595790766 31.7082186519818 3
    endloop
  endfacet
  facet normal 0.04747932149528732 0.1895480765108728 0.9807228154383762
    outer loop
      vertex 29.799145552419223 21.942392392287797 4.98
      vertex 31.74019671131869 31.70071553965974 3
      vertex 31.735413194967965 31.701913748129456 3
    endloop
  endfacet
  facet normal 0.02867173517034311 0.19328913803146172 0.9807228154383767
    outer loop
      vertex 29.799145552419223 21.942392392287797 4.98
      vertex 31.74507463869844 31.699991967484724 3
      vertex 31.74019671131869 31.70071553965974 3
    endloop
  endfacet
  facet normal 0.009588024362097668 0.1951687194902244 0.9807228154383776
    outer loop
      vertex 31.75 21.75025 4.98
      vertex 31.75 31.69975 3
      vertex 31.74507463869844 31.699991967484724 3
    endloop
  endfacet
  facet normal 0.15695003859907425 0.11640208186442014 0.9807228154383776
    outer loop
      vertex 24.02008871898597 25.406225756684588 4.98
      vertex 31.711156224718522 31.718121737470778 3
      vertex 23.435511744377624 26.194436562362235 4.98
    endloop
  endfacet
  facet normal 0.11640208186442014 0.15695003859907425 0.9807228154383776
    outer loop
      vertex 25.406225756684588 24.02008871898597 4.98
      vertex 26.194436562362235 23.435511744377624 4.98
      vertex 31.718121737470778 31.711156224718522 3
    endloop
  endfacet
  facet normal 0.1447848820716523 0.1312253679824133 0.9807228154383775
    outer loop
      vertex 24.02008871898597 25.406225756684588 4.98
      vertex 24.679108964829823 24.679108964829823 4.98
      vertex 31.711156224718522 31.718121737470778 3
    endloop
  endfacet
  facet normal 0.1312253679824133 0.1447848820716523 0.9807228154383775
    outer loop
      vertex 25.406225756684588 24.02008871898597 4.98
      vertex 31.718121737470778 31.711156224718522 3
      vertex 24.679108964829823 24.679108964829823 4.98
    endloop
  endfacet
  facet normal 0.17664320725096824 0.08354601493017806 0.9807228154383777
    outer loop
      vertex 22.51143564477026 27.923261347207195 4.98
      vertex 22.931007836832535 27.03615048092423 4.98
      vertex 31.705683456466495 31.726312313974493 3
    endloop
  endfacet
  facet normal 0.18398156339594185 0.06582965599945867 0.9807228154383775
    outer loop
      vertex 22.51143564477026 27.923261347207195 4.98
      vertex 31.701913748129456 31.735413194967965 3
      vertex 22.180835877761844 28.84722579862469 4.98
    endloop
  endfacet
  facet normal 0.18954807651085956 0.04747932149531399 0.9807228154383777
    outer loop
      vertex 21.942392392287797 29.799145552419223 4.98
      vertex 22.180835877761844 28.84722579862469 4.98
      vertex 31.701913748129456 31.735413194967965 3
    endloop
  endfacet
  facet normal 0.19328913803145886 0.02867173517033252 0.9807228154383776
    outer loop
      vertex 21.942392392287797 29.799145552419223 4.98
      vertex 31.699991967484724 31.74507463869844 3
      vertex 21.7984015294597 30.769853100989476 4.98
    endloop
  endfacet
  facet normal 0.19516871949022438 0.009588024362095335 0.9807228154383775
    outer loop
      vertex 21.7984015294597 30.769853100989476 4.98
      vertex 31.699991967484724 31.74507463869844 3
      vertex 21.75025 31.75 4.98
    endloop
  endfacet
  facet normal 0.16760368045716786 0.10045778006622293 0.9807228154383775
    outer loop
      vertex 23.435511744377624 26.194436562362235 4.98
      vertex 31.705683456466495 31.726312313974493 3
      vertex 22.931007836832535 27.03615048092423 4.98
    endloop
  endfacet
  facet normal 0.08354601493017806 0.17664320725096824 0.9807228154383777
    outer loop
      vertex 27.923261347207195 22.51143564477026 4.98
      vertex 31.726312313974493 31.705683456466495 3
      vertex 27.03615048092423 22.931007836832535 4.98
    endloop
  endfacet
  facet normal 0.06582965599945867 0.18398156339594185 0.9807228154383775
    outer loop
      vertex 27.923261347207195 22.51143564477026 4.98
      vertex 28.84722579862469 22.180835877761844 4.98
      vertex 31.735413194967965 31.701913748129456 3
    endloop
  endfacet
  facet normal 0.10045778006622293 0.16760368045716786 0.9807228154383775
    outer loop
      vertex 26.194436562362235 23.435511744377624 4.98
      vertex 27.03615048092423 22.931007836832535 4.98
      vertex 31.726312313974493 31.705683456466495 3
    endloop
  endfacet
  facet normal 0.04747932149531399 0.18954807651085956 0.9807228154383777
    outer loop
      vertex 28.84722579862469 22.180835877761844 4.98
      vertex 29.799145552419223 21.942392392287797 4.98
      vertex 31.735413194967965 31.701913748129456 3
    endloop
  endfacet
  facet normal 0.02867173517033252 0.19328913803145886 0.9807228154383776
    outer loop
      vertex 29.799145552419223 21.942392392287797 4.98
      vertex 30.769853100989476 21.7984015294597 4.98
      vertex 31.74507463869844 31.699991967484724 3
    endloop
  endfacet
  facet normal 0.009588024362095335 0.19516871949022438 0.9807228154383775
    outer loop
      vertex 30.769853100989476 21.7984015294597 4.98
      vertex 31.75 21.75025 4.98
      vertex 31.74507463869844 31.699991967484724 3
    endloop
  endfacet
  facet normal 0.1951687194902244 -0.009588024362095385 0.9807228154383776
    outer loop
      vertex 21.75025 31.75 4.98
      vertex 31.69975 31.75 3
      vertex 31.699991967484724 31.75492536130156 3
    endloop
  endfacet
  facet normal 0.1932891380314565 -0.028671735170338462 0.9807228154383778
    outer loop
      vertex 21.7984015294597 32.73014689901052 4.98
      vertex 31.699991967484724 31.75492536130156 3
      vertex 31.70071553965974 31.75980328868131 3
    endloop
  endfacet
  facet normal 0.1895480765108731 -0.047479321495235205 0.9807228154383787
    outer loop
      vertex 21.942392392287797 33.70085444758078 4.98
      vertex 31.70071553965974 31.75980328868131 3
      vertex 31.701913748129456 31.764586805032035 3
    endloop
  endfacet
  facet normal 0.18398156339591493 -0.0658296559994846 0.9807228154383809
    outer loop
      vertex 22.51143564477026 35.576738652792805 4.98
      vertex 31.701913748129456 31.764586805032035 3
      vertex 31.70357505349131 31.769229842476346 3
    endloop
  endfacet
  facet normal 0.17664320725100158 -0.08354601493009531 0.9807228154383785
    outer loop
      vertex 22.51143564477026 35.576738652792805 4.98
      vertex 31.70357505349131 31.769229842476346 3
      vertex 31.705683456466495 31.773687686025507 3
    endloop
  endfacet
  facet normal 0.1676036804571271 -0.10045778006631492 0.980722815438375
    outer loop
      vertex 23.435511744377624 37.305563437637765 4.98
      vertex 31.705683456466495 31.773687686025507 3
      vertex 31.7082186519818 31.777917404209234 3
    endloop
  endfacet
  facet normal 0.15695003859912324 -0.11640208186431865 0.9807228154383817
    outer loop
      vertex 23.435511744377624 37.305563437637765 4.98
      vertex 31.7082186519818 31.777917404209234 3
      vertex 31.711156224718522 31.781878262529222 3
    endloop
  endfacet
  facet normal 0.14478488207162504 -0.13122536798240156 0.9807228154383832
    outer loop
      vertex 24.679108964829823 38.82089103517018 4.98
      vertex 31.711156224718522 31.781878262529222 3
      vertex 31.714467884245376 31.785532115754624 3
    endloop
  endfacet
  facet normal 0.13122536798248371 -0.14478488207159063 0.9807228154383772
    outer loop
      vertex 25.406225756684588 39.479911281014026 4.98
      vertex 31.714467884245376 31.785532115754624 3
      vertex 31.718121737470774 31.788843775281478 3
    endloop
  endfacet
  facet normal 0.11640208186429232 -0.15695003859916332 0.9807228154383784
    outer loop
      vertex 25.406225756684588 39.479911281014026 4.98
      vertex 31.718121737470774 31.788843775281478 3
      vertex 31.722082595790766 31.7917813480182 3
    endloop
  endfacet
  facet normal 0.1004577800662518 -0.16760368045716495 0.9807228154383753
    outer loop
      vertex 26.194436562362235 40.06448825562238 4.98
      vertex 31.722082595790766 31.7917813480182 3
      vertex 31.726312313974496 31.794316543533505 3
    endloop
  endfacet
  facet normal 0.0835460149302905 -0.17664320725092605 0.9807228154383756
    outer loop
      vertex 27.03615048092423 40.568992163167465 4.98
      vertex 31.726312313974496 31.794316543533505 3
      vertex 31.730770157523654 31.796424946508694 3
    endloop
  endfacet
  facet normal 0.06582965599924948 -0.18398156339600324 0.98072281543838
    outer loop
      vertex 28.84722579862469 41.319164122238156 4.98
      vertex 31.730770157523654 31.796424946508694 3
      vertex 31.735413194967965 31.79808625187054 3
    endloop
  endfacet
  facet normal 0.04747932149533709 -0.18954807651085434 0.9807228154383775
    outer loop
      vertex 29.799145552419223 41.5576076077122 4.98
      vertex 31.735413194967965 31.79808625187054 3
      vertex 31.740196711318692 31.79928446034026 3
    endloop
  endfacet
  facet normal 0.028671735170340277 -0.19328913803146006 0.980722815438377
    outer loop
      vertex 29.799145552419223 41.5576076077122 4.98
      vertex 31.740196711318692 31.79928446034026 3
      vertex 31.74507463869844 31.800008032515276 3
    endloop
  endfacet
  facet normal 0.009588024362095385 -0.1951687194902244 0.9807228154383776
    outer loop
      vertex 31.75 41.74975 4.98
      vertex 31.74507463869844 31.800008032515276 3
      vertex 31.75 31.80025 3
    endloop
  endfacet
  facet normal 0.1951687194902244 -0.00958802436209537 0.9807228154383776
    outer loop
      vertex 21.75025 31.75 4.98
      vertex 31.699991967484724 31.75492536130156 3
      vertex 21.7984015294597 32.73014689901052 4.98
    endloop
  endfacet
  facet normal 0.1932891380314589 -0.028671735170332315 0.9807228154383776
    outer loop
      vertex 21.7984015294597 32.73014689901052 4.98
      vertex 31.70071553965974 31.75980328868131 3
      vertex 21.942392392287797 33.70085444758078 4.98
    endloop
  endfacet
  facet normal 0.1895480765108595 -0.047479321495314156 0.9807228154383776
    outer loop
      vertex 21.942392392287797 33.70085444758078 4.98
      vertex 31.701913748129456 31.764586805032035 3
      vertex 22.180835877761844 34.65277420137531 4.98
    endloop
  endfacet
  facet normal 0.18398156339594185 -0.06582965599945867 0.9807228154383775
    outer loop
      vertex 22.180835877761844 34.65277420137531 4.98
      vertex 31.701913748129456 31.764586805032035 3
      vertex 22.51143564477026 35.576738652792805 4.98
    endloop
  endfacet
  facet normal 0.17664320725096833 -0.08354601493017776 0.9807228154383776
    outer loop
      vertex 22.51143564477026 35.576738652792805 4.98
      vertex 31.705683456466495 31.773687686025507 3
      vertex 22.931007836832535 36.46384951907577 4.98
    endloop
  endfacet
  facet normal 0.1676036804571677 -0.10045778006622323 0.9807228154383776
    outer loop
      vertex 22.931007836832535 36.46384951907577 4.98
      vertex 31.705683456466495 31.773687686025507 3
      vertex 23.435511744377624 37.305563437637765 4.98
    endloop
  endfacet
  facet normal 0.15695003859907447 -0.11640208186441979 0.9807228154383775
    outer loop
      vertex 23.435511744377624 37.305563437637765 4.98
      vertex 31.711156224718522 31.781878262529222 3
      vertex 24.02008871898597 38.093774243315416 4.98
    endloop
  endfacet
  facet normal 0.14478488207165202 -0.1312253679824137 0.9807228154383776
    outer loop
      vertex 24.02008871898597 38.093774243315416 4.98
      vertex 31.711156224718522 31.781878262529222 3
      vertex 24.679108964829823 38.82089103517018 4.98
    endloop
  endfacet
  facet normal 0.1312253679824129 -0.14478488207165266 0.9807228154383775
    outer loop
      vertex 24.679108964829823 38.82089103517018 4.98
      vertex 31.714467884245376 31.785532115754624 3
      vertex 25.406225756684588 39.479911281014026 4.98
    endloop
  endfacet
  facet normal 0.11640208186442101 -0.15695003859907353 0.9807228154383776
    outer loop
      vertex 25.406225756684588 39.479911281014026 4.98
      vertex 31.722082595790766 31.7917813480182 3
      vertex 26.194436562362235 40.06448825562238 4.98
    endloop
  endfacet
  facet normal 0.10045778006622239 -0.16760368045716814 0.9807228154383777
    outer loop
      vertex 26.194436562362235 40.06448825562238 4.98
      vertex 31.726312313974496 31.794316543533505 3
      vertex 27.03615048092423 40.568992163167465 4.98
    endloop
  endfacet
  facet normal 0.08354601493017806 -0.17664320725096824 0.9807228154383777
    outer loop
      vertex 27.03615048092423 40.568992163167465 4.98
      vertex 31.730770157523654 31.796424946508694 3
      vertex 27.923261347207195 40.98856435522974 4.98
    endloop
  endfacet
  facet normal 0.06582965599945868 -0.18398156339594188 0.9807228154383775
    outer loop
      vertex 27.923261347207195 40.98856435522974 4.98
      vertex 31.730770157523654 31.796424946508694 3
      vertex 28.84722579862469 41.319164122238156 4.98
    endloop
  endfacet
  facet normal 0.047479321495313316 -0.1895480765108597 0.9807228154383776
    outer loop
      vertex 28.84722579862469 41.319164122238156 4.98
      vertex 31.735413194967965 31.79808625187054 3
      vertex 29.799145552419223 41.5576076077122 4.98
    endloop
  endfacet
  facet normal 0.028671735170333897 -0.1932891380314586 0.9807228154383775
    outer loop
      vertex 29.799145552419223 41.5576076077122 4.98
      vertex 31.74507463869844 31.800008032515276 3
      vertex 30.769853100989476 41.701598470540304 4.98
    endloop
  endfacet
  facet normal 0.009588024362094631 -0.19516871949022446 0.9807228154383777
    outer loop
      vertex 30.769853100989476 41.701598470540304 4.98
      vertex 31.74507463869844 31.800008032515276 3
      vertex 31.75 41.74975 4.98
    endloop
  endfacet
  facet normal -0.009588024362095385 0.1951687194902244 0.9807228154383776
    outer loop
      vertex 31.75 21.75025 4.98
      vertex 31.75492536130156 31.699991967484724 3
      vertex 31.75 31.69975 3
    endloop
  endfacet
  facet normal -0.028671735170338462 0.1932891380314565 0.9807228154383778
    outer loop
      vertex 32.73014689901052 21.7984015294597 4.98
      vertex 31.75980328868131 31.70071553965974 3
      vertex 31.75492536130156 31.699991967484724 3
    endloop
  endfacet
  facet normal -0.047479321495235205 0.1895480765108731 0.9807228154383787
    outer loop
      vertex 33.70085444758078 21.942392392287797 4.98
      vertex 31.764586805032035 31.701913748129456 3
      vertex 31.75980328868131 31.70071553965974 3
    endloop
  endfacet
  facet normal -0.0658296559994846 0.18398156339591493 0.9807228154383809
    outer loop
      vertex 35.576738652792805 22.51143564477026 4.98
      vertex 31.769229842476346 31.70357505349131 3
      vertex 31.764586805032035 31.701913748129456 3
    endloop
  endfacet
  facet normal -0.08354601493009531 0.17664320725100158 0.9807228154383785
    outer loop
      vertex 35.576738652792805 22.51143564477026 4.98
      vertex 31.773687686025507 31.705683456466495 3
      vertex 31.769229842476346 31.70357505349131 3
    endloop
  endfacet
  facet normal -0.10045778006631492 0.1676036804571271 0.980722815438375
    outer loop
      vertex 37.305563437637765 23.435511744377624 4.98
      vertex 31.777917404209234 31.7082186519818 3
      vertex 31.773687686025507 31.705683456466495 3
    endloop
  endfacet
  facet normal -0.11640208186431865 0.15695003859912324 0.9807228154383817
    outer loop
      vertex 37.305563437637765 23.435511744377624 4.98
      vertex 31.781878262529222 31.711156224718522 3
      vertex 31.777917404209234 31.7082186519818 3
    endloop
  endfacet
  facet normal -0.1312253679823345 0.14478488207169327 0.980722815438382
    outer loop
      vertex 38.82089103517018 24.679108964829823 4.98
      vertex 31.785532115754627 31.714467884245376 3
      vertex 31.781878262529222 31.711156224718522 3
    endloop
  endfacet
  facet normal -0.14478488207163123 0.13122536798239398 0.9807228154383832
    outer loop
      vertex 38.82089103517018 24.679108964829823 4.98
      vertex 31.788843775281478 31.718121737470774 3
      vertex 31.785532115754627 31.714467884245376 3
    endloop
  endfacet
  facet normal -0.15695003859916332 0.11640208186429232 0.9807228154383784
    outer loop
      vertex 39.479911281014026 25.406225756684588 4.98
      vertex 31.7917813480182 31.722082595790766 3
      vertex 31.788843775281478 31.718121737470774 3
    endloop
  endfacet
  facet normal -0.16760368045716495 0.1004577800662518 0.9807228154383753
    outer loop
      vertex 40.06448825562238 26.194436562362235 4.98
      vertex 31.794316543533505 31.726312313974496 3
      vertex 31.7917813480182 31.722082595790766 3
    endloop
  endfacet
  facet normal -0.17664320725092605 0.0835460149302905 0.9807228154383756
    outer loop
      vertex 40.568992163167465 27.03615048092423 4.98
      vertex 31.796424946508694 31.730770157523654 3
      vertex 31.794316543533505 31.726312313974496 3
    endloop
  endfacet
  facet normal -0.18398156339600324 0.06582965599924948 0.98072281543838
    outer loop
      vertex 41.319164122238156 28.84722579862469 4.98
      vertex 31.79808625187054 31.735413194967965 3
      vertex 31.796424946508694 31.730770157523654 3
    endloop
  endfacet
  facet normal -0.18954807651085434 0.04747932149533709 0.9807228154383775
    outer loop
      vertex 41.5576076077122 29.799145552419223 4.98
      vertex 31.79928446034026 31.740196711318692 3
      vertex 31.79808625187054 31.735413194967965 3
    endloop
  endfacet
  facet normal -0.19328913803146006 0.028671735170340277 0.980722815438377
    outer loop
      vertex 41.5576076077122 29.799145552419223 4.98
      vertex 31.800008032515276 31.74507463869844 3
      vertex 31.79928446034026 31.740196711318692 3
    endloop
  endfacet
  facet normal -0.1951687194902244 0.009588024362095385 0.9807228154383776
    outer loop
      vertex 41.74975 31.75 4.98
      vertex 31.80025 31.75 3
      vertex 31.800008032515276 31.74507463869844 3
    endloop
  endfacet
  facet normal -0.00958802436209537 0.1951687194902244 0.9807228154383776
    outer loop
      vertex 31.75 21.75025 4.98
      vertex 32.73014689901052 21.7984015294597 4.98
      vertex 31.75492536130156 31.699991967484724 3
    endloop
  endfacet
  facet normal -0.028671735170332315 0.1932891380314589 0.9807228154383776
    outer loop
      vertex 32.73014689901052 21.7984015294597 4.98
      vertex 33.70085444758078 21.942392392287797 4.98
      vertex 31.75980328868131 31.70071553965974 3
    endloop
  endfacet
  facet normal -0.047479321495314156 0.1895480765108595 0.9807228154383776
    outer loop
      vertex 33.70085444758078 21.942392392287797 4.98
      vertex 34.65277420137531 22.180835877761844 4.98
      vertex 31.764586805032035 31.701913748129456 3
    endloop
  endfacet
  facet normal -0.06582965599945867 0.18398156339594185 0.9807228154383775
    outer loop
      vertex 34.65277420137531 22.180835877761844 4.98
      vertex 35.576738652792805 22.51143564477026 4.98
      vertex 31.764586805032035 31.701913748129456 3
    endloop
  endfacet
  facet normal -0.08354601493017776 0.17664320725096833 0.9807228154383776
    outer loop
      vertex 35.576738652792805 22.51143564477026 4.98
      vertex 36.46384951907577 22.931007836832535 4.98
      vertex 31.773687686025507 31.705683456466495 3
    endloop
  endfacet
  facet normal -0.10045778006622323 0.1676036804571677 0.9807228154383776
    outer loop
      vertex 36.46384951907577 22.931007836832535 4.98
      vertex 37.305563437637765 23.435511744377624 4.98
      vertex 31.773687686025507 31.705683456466495 3
    endloop
  endfacet
  facet normal -0.11640208186441979 0.15695003859907447 0.9807228154383775
    outer loop
      vertex 37.305563437637765 23.435511744377624 4.98
      vertex 38.093774243315416 24.02008871898597 4.98
      vertex 31.781878262529222 31.711156224718522 3
    endloop
  endfacet
  facet normal -0.1312253679824137 0.14478488207165202 0.9807228154383776
    outer loop
      vertex 38.093774243315416 24.02008871898597 4.98
      vertex 38.82089103517018 24.679108964829823 4.98
      vertex 31.781878262529222 31.711156224718522 3
    endloop
  endfacet
  facet normal -0.14478488207165272 0.13122536798241297 0.9807228154383776
    outer loop
      vertex 38.82089103517018 24.679108964829823 4.98
      vertex 39.479911281014026 25.406225756684588 4.98
      vertex 31.788843775281478 31.718121737470774 3
    endloop
  endfacet
  facet normal -0.15695003859907353 0.11640208186442101 0.9807228154383776
    outer loop
      vertex 39.479911281014026 25.406225756684588 4.98
      vertex 40.06448825562238 26.194436562362235 4.98
      vertex 31.7917813480182 31.722082595790766 3
    endloop
  endfacet
  facet normal -0.16760368045716814 0.10045778006622239 0.9807228154383777
    outer loop
      vertex 40.06448825562238 26.194436562362235 4.98
      vertex 40.568992163167465 27.03615048092423 4.98
      vertex 31.794316543533505 31.726312313974496 3
    endloop
  endfacet
  facet normal -0.17664320725096824 0.08354601493017806 0.9807228154383777
    outer loop
      vertex 40.568992163167465 27.03615048092423 4.98
      vertex 40.98856435522974 27.923261347207195 4.98
      vertex 31.796424946508694 31.730770157523654 3
    endloop
  endfacet
  facet normal -0.18398156339594188 0.06582965599945868 0.9807228154383775
    outer loop
      vertex 40.98856435522974 27.923261347207195 4.98
      vertex 41.319164122238156 28.84722579862469 4.98
      vertex 31.796424946508694 31.730770157523654 3
    endloop
  endfacet
  facet normal -0.1895480765108597 0.047479321495313316 0.9807228154383776
    outer loop
      vertex 41.319164122238156 28.84722579862469 4.98
      vertex 41.5576076077122 29.799145552419223 4.98
      vertex 31.79808625187054 31.735413194967965 3
    endloop
  endfacet
  facet normal -0.1932891380314586 0.028671735170333897 0.9807228154383775
    outer loop
      vertex 41.5576076077122 29.799145552419223 4.98
      vertex 41.701598470540304 30.769853100989476 4.98
      vertex 31.800008032515276 31.74507463869844 3
    endloop
  endfacet
  facet normal -0.19516871949022446 0.009588024362094631 0.9807228154383777
    outer loop
      vertex 41.701598470540304 30.769853100989476 4.98
      vertex 41.74975 31.75 4.98
      vertex 31.800008032515276 31.74507463869844 3
    endloop
  endfacet
  facet normal -0.009588024361955482 -0.19516871949022468 0.9807228154383789
    outer loop
      vertex 31.75 41.74975 4.98
      vertex 31.75 31.80025 3
      vertex 31.75492536130156 31.80000803251528 3
    endloop
  endfacet
  facet normal -0.028671735170340527 -0.19328913803146489 0.9807228154383761
    outer loop
      vertex 33.70085444758078 41.5576076077122 4.98
      vertex 31.75492536130156 31.80000803251528 3
      vertex 31.75980328868131 31.799284460340264 3
    endloop
  endfacet
  facet normal -0.047479321495420335 -0.18954807651084887 0.9807228154383745
    outer loop
      vertex 33.70085444758078 41.5576076077122 4.98
      vertex 31.75980328868131 31.799284460340264 3
      vertex 31.764586805032035 31.798086251870544 3
    endloop
  endfacet
  facet normal -0.06582965599938462 -0.18398156339597205 0.9807228154383769
    outer loop
      vertex 34.65277420137531 41.319164122238156 4.98
      vertex 31.764586805032035 31.798086251870544 3
      vertex 31.769229842476346 31.796424946508694 3
    endloop
  endfacet
  facet normal -0.1004577800661399 -0.16760368045721144 0.9807228154383786
    outer loop
      vertex 36.46384951907577 40.568992163167465 4.98
      vertex 31.773687686025504 31.794316543533505 3
      vertex 31.777917404209234 31.791781348018205 3
    endloop
  endfacet
  facet normal -0.08354601493023642 -0.17664320725092697 0.98072281543838
    outer loop
      vertex 36.46384951907577 40.568992163167465 4.98
      vertex 31.769229842476346 31.796424946508694 3
      vertex 31.773687686025504 31.794316543533505 3
    endloop
  endfacet
  facet normal -0.16760368045721144 -0.1004577800661399 0.9807228154383786
    outer loop
      vertex 40.568992163167465 36.46384951907577 4.98
      vertex 31.791781348018205 31.777917404209234 3
      vertex 31.794316543533505 31.773687686025504 3
    endloop
  endfacet
  facet normal -0.17664320725092697 -0.08354601493023642 0.98072281543838
    outer loop
      vertex 40.568992163167465 36.46384951907577 4.98
      vertex 31.794316543533505 31.773687686025504 3
      vertex 31.796424946508694 31.769229842476346 3
    endloop
  endfacet
  facet normal -0.19516871949022468 -0.009588024361955482 0.9807228154383789
    outer loop
      vertex 41.74975 31.75 4.98
      vertex 31.80000803251528 31.75492536130156 3
      vertex 31.80025 31.75 3
    endloop
  endfacet
  facet normal -0.18398156339597205 -0.06582965599938462 0.9807228154383769
    outer loop
      vertex 41.319164122238156 34.65277420137531 4.98
      vertex 31.796424946508694 31.769229842476346 3
      vertex 31.798086251870544 31.764586805032035 3
    endloop
  endfacet
  facet normal -0.19328913803146489 -0.028671735170340527 0.9807228154383761
    outer loop
      vertex 41.5576076077122 33.70085444758078 4.98
      vertex 31.799284460340264 31.75980328868131 3
      vertex 31.80000803251528 31.75492536130156 3
    endloop
  endfacet
  facet normal -0.18954807651084887 -0.047479321495420335 0.9807228154383745
    outer loop
      vertex 41.5576076077122 33.70085444758078 4.98
      vertex 31.798086251870544 31.764586805032035 3
      vertex 31.799284460340264 31.75980328868131 3
    endloop
  endfacet
  facet normal -0.131225367982579 -0.14478488207151183 0.9807228154383762
    outer loop
      vertex 38.82089103517018 38.82089103517018 4.98
      vertex 31.781878262529222 31.788843775281478 3
      vertex 31.78553211575462 31.78553211575462 3
    endloop
  endfacet
  facet normal -0.14478488207151183 -0.131225367982579 0.9807228154383762
    outer loop
      vertex 38.82089103517018 38.82089103517018 4.98
      vertex 31.78553211575462 31.78553211575462 3
      vertex 31.788843775281478 31.781878262529222 3
    endloop
  endfacet
  facet normal -0.1164020818644452 -0.15695003859906043 0.9807228154383767
    outer loop
      vertex 38.093774243315416 39.479911281014026 4.98
      vertex 31.777917404209234 31.791781348018205 3
      vertex 31.781878262529222 31.788843775281478 3
    endloop
  endfacet
  facet normal -0.15695003859906043 -0.1164020818644452 0.9807228154383767
    outer loop
      vertex 39.479911281014026 38.093774243315416 4.98
      vertex 31.788843775281478 31.781878262529222 3
      vertex 31.791781348018205 31.777917404209234 3
    endloop
  endfacet
  facet normal -0.009588024362094666 -0.19516871949022446 0.9807228154383776
    outer loop
      vertex 31.75 41.74975 4.98
      vertex 31.75492536130156 31.80000803251528 3
      vertex 32.73014689901052 41.701598470540304 4.98
    endloop
  endfacet
  facet normal -0.02867173517033371 -0.19328913803145875 0.9807228154383776
    outer loop
      vertex 32.73014689901052 41.701598470540304 4.98
      vertex 31.75492536130156 31.80000803251528 3
      vertex 33.70085444758078 41.5576076077122 4.98
    endloop
  endfacet
  facet normal -0.047479321495313496 -0.1895480765108597 0.9807228154383776
    outer loop
      vertex 33.70085444758078 41.5576076077122 4.98
      vertex 31.764586805032035 31.798086251870544 3
      vertex 34.65277420137531 41.319164122238156 4.98
    endloop
  endfacet
  facet normal -0.10045778006622272 -0.16760368045716798 0.9807228154383776
    outer loop
      vertex 36.46384951907577 40.568992163167465 4.98
      vertex 31.777917404209234 31.791781348018205 3
      vertex 37.305563437637765 40.06448825562238 4.98
    endloop
  endfacet
  facet normal -0.06582965599945868 -0.18398156339594188 0.9807228154383775
    outer loop
      vertex 34.65277420137531 41.319164122238156 4.98
      vertex 31.769229842476346 31.796424946508694 3
      vertex 35.576738652792805 40.98856435522974 4.98
    endloop
  endfacet
  facet normal -0.08354601493017777 -0.17664320725096835 0.9807228154383776
    outer loop
      vertex 36.46384951907577 40.568992163167465 4.98
      vertex 35.576738652792805 40.98856435522974 4.98
      vertex 31.769229842476346 31.796424946508694 3
    endloop
  endfacet
  facet normal -0.16760368045716798 -0.10045778006622272 0.9807228154383776
    outer loop
      vertex 40.568992163167465 36.46384951907577 4.98
      vertex 40.06448825562238 37.305563437637765 4.98
      vertex 31.791781348018205 31.777917404209234 3
    endloop
  endfacet
  facet normal -0.19516871949022446 -0.009588024362094666 0.9807228154383776
    outer loop
      vertex 41.74975 31.75 4.98
      vertex 41.701598470540304 32.73014689901052 4.98
      vertex 31.80000803251528 31.75492536130156 3
    endloop
  endfacet
  facet normal -0.19328913803145875 -0.02867173517033371 0.9807228154383776
    outer loop
      vertex 41.701598470540304 32.73014689901052 4.98
      vertex 41.5576076077122 33.70085444758078 4.98
      vertex 31.80000803251528 31.75492536130156 3
    endloop
  endfacet
  facet normal -0.1895480765108597 -0.047479321495313496 0.9807228154383776
    outer loop
      vertex 41.319164122238156 34.65277420137531 4.98
      vertex 31.798086251870544 31.764586805032035 3
      vertex 41.5576076077122 33.70085444758078 4.98
    endloop
  endfacet
  facet normal -0.18398156339594188 -0.06582965599945868 0.9807228154383775
    outer loop
      vertex 41.319164122238156 34.65277420137531 4.98
      vertex 40.98856435522974 35.576738652792805 4.98
      vertex 31.796424946508694 31.769229842476346 3
    endloop
  endfacet
  facet normal -0.17664320725096835 -0.08354601493017777 0.9807228154383776
    outer loop
      vertex 40.568992163167465 36.46384951907577 4.98
      vertex 31.796424946508694 31.769229842476346 3
      vertex 40.98856435522974 35.576738652792805 4.98
    endloop
  endfacet
  facet normal -0.13122536798241327 -0.14478488207165235 0.9807228154383776
    outer loop
      vertex 38.82089103517018 38.82089103517018 4.98
      vertex 38.093774243315416 39.479911281014026 4.98
      vertex 31.781878262529222 31.788843775281478 3
    endloop
  endfacet
  facet normal -0.14478488207165235 -0.13122536798241327 0.9807228154383776
    outer loop
      vertex 38.82089103517018 38.82089103517018 4.98
      vertex 31.788843775281478 31.781878262529222 3
      vertex 39.479911281014026 38.093774243315416 4.98
    endloop
  endfacet
  facet normal -0.11640208186442069 -0.15695003859907378 0.9807228154383776
    outer loop
      vertex 37.305563437637765 40.06448825562238 4.98
      vertex 31.777917404209234 31.791781348018205 3
      vertex 38.093774243315416 39.479911281014026 4.98
    endloop
  endfacet
  facet normal -0.15695003859907378 -0.11640208186442069 0.9807228154383776
    outer loop
      vertex 40.06448825562238 37.305563437637765 4.98
      vertex 39.479911281014026 38.093774243315416 4.98
      vertex 31.791781348018205 31.777917404209234 3
    endloop
  endfacet
  facet normal 0 0 1
    outer loop
      vertex 23.981244943704496 25.374347494155366 4.98
      vertex 24.02008871898597 25.406225756684588 4.98
      vertex 23.435511744377624 26.194436562362235 4.98
    endloop
  endfacet
  facet normal 0 0 1
    outer loop
      vertex 22.51143564477026 27.923261347207195 4.98
      vertex 22.88669129329903 27.012462794898724 4.98
      vertex 22.931007836832535 27.03615048092423 4.98
    endloop
  endfacet
  facet normal 0 0 1
    outer loop
      vertex 22.46501069826157 27.90403150473085 4.98
      vertex 22.88669129329903 27.012462794898724 4.98
      vertex 22.51143564477026 27.923261347207195 4.98
    endloop
  endfacet
  facet normal 0 0 1
    outer loop
      vertex 23.393730396359423 26.166519158152997 4.98
      vertex 23.435511744377624 26.194436562362235 4.98
      vertex 22.931007836832535 27.03615048092423 4.98
    endloop
  endfacet
  facet normal 0 0 1
    outer loop
      vertex 23.393730396359423 26.166519158152997 4.98
      vertex 22.931007836832535 27.03615048092423 4.98
      vertex 22.88669129329903 27.012462794898724 4.98
    endloop
  endfacet
  facet normal 0 0 1
    outer loop
      vertex 23.981244943704496 25.374347494155366 4.98
      vertex 23.435511744377624 26.194436562362235 4.98
      vertex 23.393730396359423 26.166519158152997 4.98
    endloop
  endfacet
  facet normal 0 0 1
    outer loop
      vertex 21.893107931947533 29.78934226373791 4.98
      vertex 21.7984015294597 30.769853100989476 4.98
      vertex 21.748393496944423 30.764927739687916 4.98
    endloop
  endfacet
  facet normal 0 0 1
    outer loop
      vertex 21.748393496944423 30.764927739687916 4.98
      vertex 21.7984015294597 30.769853100989476 4.98
      vertex 21.75025 31.75 4.98
    endloop
  endfacet
  facet normal 0 0 1
    outer loop
      vertex 22.46501069826157 27.90403150473085 4.98
      vertex 22.180835877761844 28.84722579862469 4.98
      vertex 22.1327496258913 28.832638993592653 4.98
    endloop
  endfacet
  facet normal 0 0 1
    outer loop
      vertex 22.46501069826157 27.90403150473085 4.98
      vertex 22.51143564477026 27.923261347207195 4.98
      vertex 22.180835877761844 28.84722579862469 4.98
    endloop
  endfacet
  facet normal 0 0 1
    outer loop
      vertex 21.942392392287797 29.799145552419223 4.98
      vertex 22.1327496258913 28.832638993592653 4.98
      vertex 22.180835877761844 28.84722579862469 4.98
    endloop
  endfacet
  facet normal 0 0 1
    outer loop
      vertex 21.893107931947533 29.78934226373791 4.98
      vertex 22.1327496258913 28.832638993592653 4.98
      vertex 21.942392392287797 29.799145552419223 4.98
    endloop
  endfacet
  facet normal 0 0 1
    outer loop
      vertex 21.893107931947533 29.78934226373791 4.98
      vertex 21.942392392287797 29.799145552419223 4.98
      vertex 21.7984015294597 30.769853100989476 4.98
    endloop
  endfacet
  facet normal 0 0 1
    outer loop
      vertex 25.374347494155366 23.981244943704496 4.98
      vertex 26.166519158152997 23.393730396359423 4.98
      vertex 25.406225756684588 24.02008871898597 4.98
    endloop
  endfacet
  facet normal 0 0 1
    outer loop
      vertex 25.406225756684588 24.02008871898597 4.98
      vertex 26.166519158152997 23.393730396359423 4.98
      vertex 26.194436562362235 23.435511744377624 4.98
    endloop
  endfacet
  facet normal 0 0 1
    outer loop
      vertex 26.166519158152997 23.393730396359423 4.98
      vertex 27.012462794898724 22.88669129329903 4.98
      vertex 26.194436562362235 23.435511744377624 4.98
    endloop
  endfacet
  facet normal 0 0 1
    outer loop
      vertex 26.194436562362235 23.435511744377624 4.98
      vertex 27.012462794898724 22.88669129329903 4.98
      vertex 27.03615048092423 22.931007836832535 4.98
    endloop
  endfacet
  facet normal 0 0 1
    outer loop
      vertex 27.90403150473085 22.46501069826157 4.98
      vertex 27.03615048092423 22.931007836832535 4.98
      vertex 27.012462794898724 22.88669129329903 4.98
    endloop
  endfacet
  facet normal 0 0 1
    outer loop
      vertex 27.90403150473085 22.46501069826157 4.98
      vertex 27.923261347207195 22.51143564477026 4.98
      vertex 27.03615048092423 22.931007836832535 4.98
    endloop
  endfacet
  facet normal 0 0 1
    outer loop
      vertex 27.90403150473085 22.46501069826157 4.98
      vertex 28.832638993592653 22.1327496258913 4.98
      vertex 27.923261347207195 22.51143564477026 4.98
    endloop
  endfacet
  facet normal 0 0 1
    outer loop
      vertex 27.923261347207195 22.51143564477026 4.98
      vertex 28.832638993592653 22.1327496258913 4.98
      vertex 28.84722579862469 22.180835877761844 4.98
    endloop
  endfacet
  facet normal 0 0 1
    outer loop
      vertex 28.832638993592653 22.1327496258913 4.98
      vertex 29.78934226373791 21.893107931947533 4.98
      vertex 28.84722579862469 22.180835877761844 4.98
    endloop
  endfacet
  facet normal 0 0 1
    outer loop
      vertex 28.84722579862469 22.180835877761844 4.98
      vertex 29.78934226373791 21.893107931947533 4.98
      vertex 29.799145552419223 21.942392392287797 4.98
    endloop
  endfacet
  facet normal 0 0 1
    outer loop
      vertex 30.764927739687916 21.748393496944423 4.98
      vertex 31.75 21.700000000000003 4.98
      vertex 30.769853100989476 21.7984015294597 4.98
    endloop
  endfacet
  facet normal 0 0 1
    outer loop
      vertex 30.769853100989476 21.7984015294597 4.98
      vertex 31.75 21.700000000000003 4.98
      vertex 31.75 21.75025 4.98
    endloop
  endfacet
  facet normal 0 0 1
    outer loop
      vertex 29.78934226373791 21.893107931947533 4.98
      vertex 30.764927739687916 21.748393496944423 4.98
      vertex 29.799145552419223 21.942392392287797 4.98
    endloop
  endfacet
  facet normal 0 0 1
    outer loop
      vertex 29.799145552419223 21.942392392287797 4.98
      vertex 30.764927739687916 21.748393496944423 4.98
      vertex 30.769853100989476 21.7984015294597 4.98
    endloop
  endfacet
  facet normal 0 0 1
    outer loop
      vertex 23.981244943704496 25.374347494155366 4.98
      vertex 24.6435768490752 24.6435768490752 4.98
      vertex 24.02008871898597 25.406225756684588 4.98
    endloop
  endfacet
  facet normal 0 0 1
    outer loop
      vertex 24.02008871898597 25.406225756684588 4.98
      vertex 24.6435768490752 24.6435768490752 4.98
      vertex 24.679108964829823 24.679108964829823 4.98
    endloop
  endfacet
  facet normal 0 0 1
    outer loop
      vertex 25.374347494155366 23.981244943704496 4.98
      vertex 25.406225756684588 24.02008871898597 4.98
      vertex 24.679108964829823 24.679108964829823 4.98
    endloop
  endfacet
  facet normal 0 0 1
    outer loop
      vertex 25.374347494155366 23.981244943704496 4.98
      vertex 24.679108964829823 24.679108964829823 4.98
      vertex 24.6435768490752 24.6435768490752 4.98
    endloop
  endfacet
  facet normal 0.9039892931234444 0.4275550934302797 0
    outer loop
      vertex 22.46501069826157 27.90403150473085 4.98
      vertex 22.46501069826157 27.90403150473085 10.99
      vertex 22.88669129329903 27.012462794898724 4.98
    endloop
  endfacet
  facet normal 0.8577286100002702 0.5141027441932249 3.3634270852676583e-18
    outer loop
      vertex 23.393730396359423 26.166519158152997 4.98
      vertex 22.88669129329903 27.012462794898724 4.98
      vertex 22.88669129329903 27.012462794898724 10.99
    endloop
  endfacet
  facet normal 0.8032075314806438 0.5956993044924347 3.0801855767242636e-18
    outer loop
      vertex 23.981244943704496 25.374347494155366 4.98
      vertex 23.393730396359423 26.166519158152997 4.98
      vertex 23.393730396359423 26.166519158152997 10.99
    endloop
  endfacet
  facet normal 0.9891765099647815 0.14673047445535858 -1.8742771689221943e-18
    outer loop
      vertex 21.893107931947533 29.78934226373791 4.98
      vertex 21.748393496944423 30.764927739687916 4.98
      vertex 21.748393496944423 30.764927739687916 10.99
    endloop
  endfacet
  facet normal 0.9987954562051724 0.04906767432741737 -6.358442728017785e-20
    outer loop
      vertex 21.748393496944423 30.764927739687916 4.98
      vertex 21.700000000000003 31.75 4.98
      vertex 21.700000000000003 31.75 10.99
    endloop
  endfacet
  facet normal 0.9415440651830201 0.33688985339222205 1.835960767327573e-18
    outer loop
      vertex 22.46501069826157 27.90403150473085 4.98
      vertex 22.1327496258913 28.832638993592653 4.98
      vertex 22.1327496258913 28.832638993592653 10.99
    endloop
  endfacet
  facet normal 0.970031253194544 0.24298017990326395 0
    outer loop
      vertex 21.893107931947533 29.78934226373791 4.98
      vertex 21.893107931947533 29.78934226373791 10.99
      vertex 22.1327496258913 28.832638993592653 4.98
    endloop
  endfacet
  facet normal 0.5956993044924347 0.8032075314806438 0
    outer loop
      vertex 25.374347494155366 23.981244943704496 4.98
      vertex 25.374347494155366 23.981244943704496 10.99
      vertex 26.166519158152997 23.393730396359423 4.98
    endloop
  endfacet
  facet normal 0.5141027441932249 0.8577286100002702 0
    outer loop
      vertex 26.166519158152997 23.393730396359423 4.98
      vertex 26.166519158152997 23.393730396359423 10.99
      vertex 27.012462794898724 22.88669129329903 4.98
    endloop
  endfacet
  facet normal 0.4275550934302797 0.9039892931234444 -3.2835609434629342e-18
    outer loop
      vertex 27.90403150473085 22.46501069826157 4.98
      vertex 27.012462794898724 22.88669129329903 4.98
      vertex 27.012462794898724 22.88669129329903 10.99
    endloop
  endfacet
  facet normal 0.33688985339222205 0.9415440651830201 0
    outer loop
      vertex 27.90403150473085 22.46501069826157 4.98
      vertex 27.90403150473085 22.46501069826157 10.99
      vertex 28.832638993592653 22.1327496258913 4.98
    endloop
  endfacet
  facet normal 0.24298017990326395 0.970031253194544 0
    outer loop
      vertex 28.832638993592653 22.1327496258913 4.98
      vertex 28.832638993592653 22.1327496258913 10.99
      vertex 29.78934226373791 21.893107931947533 4.98
    endloop
  endfacet
  facet normal 0.04906767432741737 0.9987954562051724 0
    outer loop
      vertex 30.764927739687916 21.748393496944423 4.98
      vertex 30.764927739687916 21.748393496944423 10.99
      vertex 31.75 21.700000000000003 4.98
    endloop
  endfacet
  facet normal 0.14673047445535858 0.9891765099647815 0
    outer loop
      vertex 29.78934226373791 21.893107931947533 4.98
      vertex 29.78934226373791 21.893107931947533 10.99
      vertex 30.764927739687916 21.748393496944423 4.98
    endloop
  endfacet
  facet normal 0.7409511253549602 0.6715589548470171 0
    outer loop
      vertex 23.981244943704496 25.374347494155366 4.98
      vertex 23.981244943704496 25.374347494155366 10.99
      vertex 24.6435768490752 24.6435768490752 4.98
    endloop
  endfacet
  facet normal 0.6715589548470171 0.7409511253549602 3.7795857456261976e-19
    outer loop
      vertex 25.374347494155366 23.981244943704496 4.98
      vertex 24.6435768490752 24.6435768490752 4.98
      vertex 24.6435768490752 24.6435768490752 10.99
    endloop
  endfacet
  facet normal 0.8032075314806438 0.5956993044924347 0
    outer loop
      vertex 23.981244943704496 25.374347494155366 4.98
      vertex 23.393730396359423 26.166519158152997 10.99
      vertex 23.981244943704496 25.374347494155366 10.99
    endloop
  endfacet
  facet normal 0.9039892931234444 0.4275550934302797 0
    outer loop
      vertex 22.88669129329903 27.012462794898724 4.98
      vertex 22.46501069826157 27.90403150473085 10.99
      vertex 22.88669129329903 27.012462794898724 10.99
    endloop
  endfacet
  facet normal 0.8577286100002702 0.5141027441932249 0
    outer loop
      vertex 23.393730396359423 26.166519158152997 4.98
      vertex 22.88669129329903 27.012462794898724 10.99
      vertex 23.393730396359423 26.166519158152997 10.99
    endloop
  endfacet
  facet normal 0.9987954562051724 0.04906767432741737 0
    outer loop
      vertex 21.748393496944423 30.764927739687916 4.98
      vertex 21.700000000000003 31.75 10.99
      vertex 21.748393496944423 30.764927739687916 10.99
    endloop
  endfacet
  facet normal 0.9415440651830201 0.33688985339222205 0
    outer loop
      vertex 22.46501069826157 27.90403150473085 4.98
      vertex 22.1327496258913 28.832638993592653 10.99
      vertex 22.46501069826157 27.90403150473085 10.99
    endloop
  endfacet
  facet normal 0.970031253194544 0.24298017990326395 0
    outer loop
      vertex 22.1327496258913 28.832638993592653 4.98
      vertex 21.893107931947533 29.78934226373791 10.99
      vertex 22.1327496258913 28.832638993592653 10.99
    endloop
  endfacet
  facet normal 0.9891765099647815 0.14673047445535858 0
    outer loop
      vertex 21.893107931947533 29.78934226373791 4.98
      vertex 21.748393496944423 30.764927739687916 10.99
      vertex 21.893107931947533 29.78934226373791 10.99
    endloop
  endfacet
  facet normal 0.5956993044924347 0.8032075314806438 0
    outer loop
      vertex 26.166519158152997 23.393730396359423 4.98
      vertex 25.374347494155366 23.981244943704496 10.99
      vertex 26.166519158152997 23.393730396359423 10.99
    endloop
  endfacet
  facet normal 0.5141027441932249 0.8577286100002702 0
    outer loop
      vertex 27.012462794898724 22.88669129329903 4.98
      vertex 26.166519158152997 23.393730396359423 10.99
      vertex 27.012462794898724 22.88669129329903 10.99
    endloop
  endfacet
  facet normal 0.4275550934302797 0.9039892931234444 0
    outer loop
      vertex 27.90403150473085 22.46501069826157 4.98
      vertex 27.012462794898724 22.88669129329903 10.99
      vertex 27.90403150473085 22.46501069826157 10.99
    endloop
  endfacet
  facet normal 0.33688985339222205 0.9415440651830201 0
    outer loop
      vertex 28.832638993592653 22.1327496258913 4.98
      vertex 27.90403150473085 22.46501069826157 10.99
      vertex 28.832638993592653 22.1327496258913 10.99
    endloop
  endfacet
  facet normal 0.24298017990326395 0.970031253194544 0
    outer loop
      vertex 29.78934226373791 21.893107931947533 4.98
      vertex 28.832638993592653 22.1327496258913 10.99
      vertex 29.78934226373791 21.893107931947533 10.99
    endloop
  endfacet
  facet normal 0.14673047445535858 0.9891765099647815 0
    outer loop
      vertex 30.764927739687916 21.748393496944423 4.98
      vertex 29.78934226373791 21.893107931947533 10.99
      vertex 30.764927739687916 21.748393496944423 10.99
    endloop
  endfacet
  facet normal 0.04906767432741737 0.9987954562051724 -6.358442728017785e-20
    outer loop
      vertex 30.764927739687916 21.748393496944423 10.99
      vertex 31.75 21.700000000000003 10.99
      vertex 31.75 21.700000000000003 4.98
    endloop
  endfacet
  facet normal 0.7409511253549602 0.6715589548470171 0
    outer loop
      vertex 24.6435768490752 24.6435768490752 4.98
      vertex 23.981244943704496 25.374347494155366 10.99
      vertex 24.6435768490752 24.6435768490752 10.99
    endloop
  endfacet
  facet normal 0.6715589548470171 0.7409511253549602 0
    outer loop
      vertex 25.374347494155366 23.981244943704496 4.98
      vertex 24.6435768490752 24.6435768490752 10.99
      vertex 25.374347494155366 23.981244943704496 10.99
    endloop
  endfacet
  facet normal 0 0 1
    outer loop
      vertex 21.748393496944423 30.764927739687916 4.98
      vertex 21.748393496944423 32.73507226031209 4.98
      vertex 21.700000000000003 31.75 4.98
    endloop
  endfacet
  facet normal 0 0 1
    outer loop
      vertex 21.748393496944423 30.764927739687916 4.98
      vertex 21.75025 31.75 4.98
      vertex 21.748393496944423 32.73507226031209 4.98
    endloop
  endfacet
  facet normal 0 0 1
    outer loop
      vertex 21.75025 31.75 4.98
      vertex 21.7984015294597 32.73014689901052 4.98
      vertex 21.748393496944423 32.73507226031209 4.98
    endloop
  endfacet
  facet normal 0 0 1
    outer loop
      vertex 21.748393496944423 32.73507226031209 4.98
      vertex 21.7984015294597 32.73014689901052 4.98
      vertex 21.942392392287797 33.70085444758078 4.98
    endloop
  endfacet
  facet normal 0 0 1
    outer loop
      vertex 21.748393496944423 32.73507226031209 4.98
      vertex 21.942392392287797 33.70085444758078 4.98
      vertex 21.893107931947533 33.710657736262085 4.98
    endloop
  endfacet
  facet normal 0 0 1
    outer loop
      vertex 21.893107931947533 33.710657736262085 4.98
      vertex 21.942392392287797 33.70085444758078 4.98
      vertex 22.180835877761844 34.65277420137531 4.98
    endloop
  endfacet
  facet normal 0 0 1
    outer loop
      vertex 21.893107931947533 33.710657736262085 4.98
      vertex 22.180835877761844 34.65277420137531 4.98
      vertex 22.1327496258913 34.66736100640735 4.98
    endloop
  endfacet
  facet normal 0 0 1
    outer loop
      vertex 22.1327496258913 34.66736100640735 4.98
      vertex 22.180835877761844 34.65277420137531 4.98
      vertex 22.51143564477026 35.576738652792805 4.98
    endloop
  endfacet
  facet normal 0 0 1
    outer loop
      vertex 22.1327496258913 34.66736100640735 4.98
      vertex 22.51143564477026 35.576738652792805 4.98
      vertex 22.46501069826157 35.595968495269155 4.98
    endloop
  endfacet
  facet normal 0 0 1
    outer loop
      vertex 22.46501069826157 35.595968495269155 4.98
      vertex 22.51143564477026 35.576738652792805 4.98
      vertex 22.931007836832535 36.46384951907577 4.98
    endloop
  endfacet
  facet normal 0 0 1
    outer loop
      vertex 22.46501069826157 35.595968495269155 4.98
      vertex 22.931007836832535 36.46384951907577 4.98
      vertex 22.88669129329903 36.487537205101276 4.98
    endloop
  endfacet
  facet normal 0 0 1
    outer loop
      vertex 22.931007836832535 36.46384951907577 4.98
      vertex 23.435511744377624 37.305563437637765 4.98
      vertex 22.88669129329903 36.487537205101276 4.98
    endloop
  endfacet
  facet normal 0 0 1
    outer loop
      vertex 22.88669129329903 36.487537205101276 4.98
      vertex 23.435511744377624 37.305563437637765 4.98
      vertex 23.393730396359423 37.333480841847 4.98
    endloop
  endfacet
  facet normal 0 0 1
    outer loop
      vertex 23.393730396359423 37.333480841847 4.98
      vertex 23.435511744377624 37.305563437637765 4.98
      vertex 24.02008871898597 38.093774243315416 4.98
    endloop
  endfacet
  facet normal 0 0 1
    outer loop
      vertex 23.393730396359423 37.333480841847 4.98
      vertex 24.02008871898597 38.093774243315416 4.98
      vertex 23.981244943704496 38.125652505844634 4.98
    endloop
  endfacet
  facet normal 0 0 1
    outer loop
      vertex 23.981244943704496 38.125652505844634 4.98
      vertex 24.02008871898597 38.093774243315416 4.98
      vertex 24.679108964829823 38.82089103517018 4.98
    endloop
  endfacet
  facet normal 0 0 1
    outer loop
      vertex 23.981244943704496 38.125652505844634 4.98
      vertex 24.679108964829823 38.82089103517018 4.98
      vertex 24.6435768490752 38.856423150924805 4.98
    endloop
  endfacet
  facet normal 0 0 1
    outer loop
      vertex 24.6435768490752 38.856423150924805 4.98
      vertex 24.679108964829823 38.82089103517018 4.98
      vertex 25.406225756684588 39.479911281014026 4.98
    endloop
  endfacet
  facet normal 0 0 1
    outer loop
      vertex 24.6435768490752 38.856423150924805 4.98
      vertex 25.406225756684588 39.479911281014026 4.98
      vertex 25.374347494155366 39.518755056295504 4.98
    endloop
  endfacet
  facet normal 0 0 1
    outer loop
      vertex 25.406225756684588 39.479911281014026 4.98
      vertex 26.194436562362235 40.06448825562238 4.98
      vertex 25.374347494155366 39.518755056295504 4.98
    endloop
  endfacet
  facet normal 0 0 1
    outer loop
      vertex 25.374347494155366 39.518755056295504 4.98
      vertex 26.194436562362235 40.06448825562238 4.98
      vertex 26.166519158152997 40.10626960364058 4.98
    endloop
  endfacet
  facet normal 0 0 1
    outer loop
      vertex 26.194436562362235 40.06448825562238 4.98
      vertex 27.03615048092423 40.568992163167465 4.98
      vertex 26.166519158152997 40.10626960364058 4.98
    endloop
  endfacet
  facet normal 0 0 1
    outer loop
      vertex 26.166519158152997 40.10626960364058 4.98
      vertex 27.03615048092423 40.568992163167465 4.98
      vertex 27.012462794898724 40.61330870670097 4.98
    endloop
  endfacet
  facet normal 0 0 1
    outer loop
      vertex 27.012462794898724 40.61330870670097 4.98
      vertex 27.03615048092423 40.568992163167465 4.98
      vertex 27.923261347207195 40.98856435522974 4.98
    endloop
  endfacet
  facet normal 0 0 1
    outer loop
      vertex 27.012462794898724 40.61330870670097 4.98
      vertex 27.923261347207195 40.98856435522974 4.98
      vertex 27.90403150473085 41.034989301738435 4.98
    endloop
  endfacet
  facet normal 0 0 1
    outer loop
      vertex 27.923261347207195 40.98856435522974 4.98
      vertex 28.84722579862469 41.319164122238156 4.98
      vertex 27.90403150473085 41.034989301738435 4.98
    endloop
  endfacet
  facet normal 0 0 1
    outer loop
      vertex 27.90403150473085 41.034989301738435 4.98
      vertex 28.84722579862469 41.319164122238156 4.98
      vertex 28.832638993592653 41.3672503741087 4.98
    endloop
  endfacet
  facet normal 0 0 1
    outer loop
      vertex 28.832638993592653 41.3672503741087 4.98
      vertex 28.84722579862469 41.319164122238156 4.98
      vertex 29.799145552419223 41.5576076077122 4.98
    endloop
  endfacet
  facet normal 0 0 1
    outer loop
      vertex 28.832638993592653 41.3672503741087 4.98
      vertex 29.799145552419223 41.5576076077122 4.98
      vertex 29.78934226373791 41.60689206805247 4.98
    endloop
  endfacet
  facet normal 0 0 1
    outer loop
      vertex 29.799145552419223 41.5576076077122 4.98
      vertex 30.769853100989476 41.701598470540304 4.98
      vertex 29.78934226373791 41.60689206805247 4.98
    endloop
  endfacet
  facet normal 0 0 1
    outer loop
      vertex 29.78934226373791 41.60689206805247 4.98
      vertex 30.769853100989476 41.701598470540304 4.98
      vertex 30.764927739687916 41.75160650305558 4.98
    endloop
  endfacet
  facet normal 0 0 1
    outer loop
      vertex 30.769853100989476 41.701598470540304 4.98
      vertex 31.75 41.74975 4.98
      vertex 30.764927739687916 41.75160650305558 4.98
    endloop
  endfacet
  facet normal 0 0 1
    outer loop
      vertex 30.764927739687916 41.75160650305558 4.98
      vertex 31.75 41.74975 4.98
      vertex 31.75 41.8 4.98
    endloop
  endfacet
  facet normal 0.9987954562051724 -0.049067674327417196 -1.969181123243575e-19
    outer loop
      vertex 21.700000000000003 31.75 4.98
      vertex 21.748393496944423 32.73507226031209 4.98
      vertex 21.748393496944423 32.73507226031209 10.99
    endloop
  endfacet
  facet normal 0.9891765099647813 -0.14673047445535964 1.6546863812824673e-18
    outer loop
      vertex 21.748393496944423 32.73507226031209 4.98
      vertex 21.893107931947533 33.710657736262085 4.98
      vertex 21.893107931947533 33.710657736262085 10.99
    endloop
  endfacet
  facet normal 0.9700312531945441 -0.24298017990326307 -1.1876875503588934e-18
    outer loop
      vertex 21.893107931947533 33.710657736262085 4.98
      vertex 22.1327496258913 34.66736100640735 4.98
      vertex 22.1327496258913 34.66736100640735 10.99
    endloop
  endfacet
  facet normal 0.9415440651830205 -0.3368898533922209 6.4307237977773085e-19
    outer loop
      vertex 22.1327496258913 34.66736100640735 4.98
      vertex 22.46501069826157 35.595968495269155 4.98
      vertex 22.46501069826157 35.595968495269155 10.99
    endloop
  endfacet
  facet normal 0.9039892931234439 -0.4275550934302811 3.4000812320244665e-18
    outer loop
      vertex 22.46501069826157 35.595968495269155 4.98
      vertex 22.88669129329903 36.487537205101276 4.98
      vertex 22.88669129329903 36.487537205101276 10.99
    endloop
  endfacet
  facet normal 0.8577286100002692 -0.5141027441932264 1.7826925193882497e-18
    outer loop
      vertex 22.88669129329903 36.487537205101276 4.98
      vertex 23.393730396359423 37.333480841847 4.98
      vertex 23.393730396359423 37.333480841847 10.99
    endloop
  endfacet
  facet normal 0.8032075314806452 -0.595699304492433 2.547617087482405e-18
    outer loop
      vertex 23.393730396359423 37.333480841847 4.98
      vertex 23.981244943704496 38.125652505844634 4.98
      vertex 23.981244943704496 38.125652505844634 10.99
    endloop
  endfacet
  facet normal 0.7409511253549619 -0.6715589548470153 3.2673463576985688e-18
    outer loop
      vertex 23.981244943704496 38.125652505844634 4.98
      vertex 24.6435768490752 38.856423150924805 4.98
      vertex 24.6435768490752 38.856423150924805 10.99
    endloop
  endfacet
  facet normal 0.6715589548470151 -0.740951125354962 1.7823796691364344e-18
    outer loop
      vertex 24.6435768490752 38.856423150924805 4.98
      vertex 25.374347494155366 39.518755056295504 4.98
      vertex 25.374347494155366 39.518755056295504 10.99
    endloop
  endfacet
  facet normal 0.5956993044924347 -0.8032075314806438 -3.0801855767242636e-18
    outer loop
      vertex 25.374347494155366 39.518755056295504 4.98
      vertex 26.166519158152997 40.10626960364058 4.98
      vertex 26.166519158152997 40.10626960364058 10.99
    endloop
  endfacet
  facet normal 0.5141027441932249 -0.8577286100002702 -3.3634270852676583e-18
    outer loop
      vertex 26.166519158152997 40.10626960364058 4.98
      vertex 27.012462794898724 40.61330870670097 4.98
      vertex 27.012462794898724 40.61330870670097 10.99
    endloop
  endfacet
  facet normal 0.42755509343028264 -0.9039892931234431 3.8491912675123596e-18
    outer loop
      vertex 27.012462794898724 40.61330870670097 4.98
      vertex 27.90403150473085 41.034989301738435 4.98
      vertex 27.90403150473085 41.034989301738435 10.99
    endloop
  endfacet
  facet normal 0.33688985339221883 -0.9415440651830213 3.493933852277113e-18
    outer loop
      vertex 27.90403150473085 41.034989301738435 4.98
      vertex 28.832638993592653 41.3672503741087 4.98
      vertex 28.832638993592653 41.3672503741087 10.99
    endloop
  endfacet
  facet normal 0.24298017990326395 -0.970031253194544 3.381894253122497e-19
    outer loop
      vertex 28.832638993592653 41.3672503741087 4.98
      vertex 29.78934226373791 41.60689206805247 4.98
      vertex 29.78934226373791 41.60689206805247 10.99
    endloop
  endfacet
  facet normal 0.14673047445535858 -0.9891765099647815 1.8742771689221943e-18
    outer loop
      vertex 29.78934226373791 41.60689206805247 4.98
      vertex 30.764927739687916 41.75160650305558 4.98
      vertex 30.764927739687916 41.75160650305558 10.99
    endloop
  endfacet
  facet normal 0.04906767432741737 -0.9987954562051724 6.358442728017785e-20
    outer loop
      vertex 30.764927739687916 41.75160650305558 4.98
      vertex 31.75 41.8 4.98
      vertex 31.75 41.8 10.99
    endloop
  endfacet
  facet normal 0.9987954562051724 -0.049067674327417196 0
    outer loop
      vertex 21.700000000000003 31.75 4.98
      vertex 21.748393496944423 32.73507226031209 10.99
      vertex 21.700000000000003 31.75 10.99
    endloop
  endfacet
  facet normal 0.9891765099647813 -0.14673047445535964 0
    outer loop
      vertex 21.748393496944423 32.73507226031209 4.98
      vertex 21.893107931947533 33.710657736262085 10.99
      vertex 21.748393496944423 32.73507226031209 10.99
    endloop
  endfacet
  facet normal 0.9700312531945441 -0.24298017990326307 0
    outer loop
      vertex 21.893107931947533 33.710657736262085 4.98
      vertex 22.1327496258913 34.66736100640735 10.99
      vertex 21.893107931947533 33.710657736262085 10.99
    endloop
  endfacet
  facet normal 0.9415440651830205 -0.3368898533922209 0
    outer loop
      vertex 22.1327496258913 34.66736100640735 4.98
      vertex 22.46501069826157 35.595968495269155 10.99
      vertex 22.1327496258913 34.66736100640735 10.99
    endloop
  endfacet
  facet normal 0.9039892931234439 -0.4275550934302811 0
    outer loop
      vertex 22.46501069826157 35.595968495269155 4.98
      vertex 22.88669129329903 36.487537205101276 10.99
      vertex 22.46501069826157 35.595968495269155 10.99
    endloop
  endfacet
  facet normal 0.8577286100002692 -0.5141027441932264 0
    outer loop
      vertex 22.88669129329903 36.487537205101276 4.98
      vertex 23.393730396359423 37.333480841847 10.99
      vertex 22.88669129329903 36.487537205101276 10.99
    endloop
  endfacet
  facet normal 0.8032075314806452 -0.595699304492433 0
    outer loop
      vertex 23.393730396359423 37.333480841847 4.98
      vertex 23.981244943704496 38.125652505844634 10.99
      vertex 23.393730396359423 37.333480841847 10.99
    endloop
  endfacet
  facet normal 0.7409511253549619 -0.6715589548470153 0
    outer loop
      vertex 23.981244943704496 38.125652505844634 4.98
      vertex 24.6435768490752 38.856423150924805 10.99
      vertex 23.981244943704496 38.125652505844634 10.99
    endloop
  endfacet
  facet normal 0.6715589548470151 -0.740951125354962 0
    outer loop
      vertex 24.6435768490752 38.856423150924805 4.98
      vertex 25.374347494155366 39.518755056295504 10.99
      vertex 24.6435768490752 38.856423150924805 10.99
    endloop
  endfacet
  facet normal 0.5956993044924347 -0.8032075314806438 0
    outer loop
      vertex 25.374347494155366 39.518755056295504 4.98
      vertex 26.166519158152997 40.10626960364058 10.99
      vertex 25.374347494155366 39.518755056295504 10.99
    endloop
  endfacet
  facet normal 0.5141027441932249 -0.8577286100002702 0
    outer loop
      vertex 26.166519158152997 40.10626960364058 4.98
      vertex 27.012462794898724 40.61330870670097 10.99
      vertex 26.166519158152997 40.10626960364058 10.99
    endloop
  endfacet
  facet normal 0.42755509343028264 -0.9039892931234431 0
    outer loop
      vertex 27.012462794898724 40.61330870670097 4.98
      vertex 27.90403150473085 41.034989301738435 10.99
      vertex 27.012462794898724 40.61330870670097 10.99
    endloop
  endfacet
  facet normal 0.33688985339221883 -0.9415440651830213 0
    outer loop
      vertex 27.90403150473085 41.034989301738435 4.98
      vertex 28.832638993592653 41.3672503741087 10.99
      vertex 27.90403150473085 41.034989301738435 10.99
    endloop
  endfacet
  facet normal 0.24298017990326395 -0.970031253194544 0
    outer loop
      vertex 28.832638993592653 41.3672503741087 4.98
      vertex 29.78934226373791 41.60689206805247 10.99
      vertex 28.832638993592653 41.3672503741087 10.99
    endloop
  endfacet
  facet normal 0.14673047445535858 -0.9891765099647815 0
    outer loop
      vertex 29.78934226373791 41.60689206805247 4.98
      vertex 30.764927739687916 41.75160650305558 10.99
      vertex 29.78934226373791 41.60689206805247 10.99
    endloop
  endfacet
  facet normal 0.04906767432741737 -0.9987954562051724 0
    outer loop
      vertex 30.764927739687916 41.75160650305558 4.98
      vertex 31.75 41.8 10.99
      vertex 30.764927739687916 41.75160650305558 10.99
    endloop
  endfacet
  facet normal 0 0 1
    outer loop
      vertex 31.75 21.700000000000003 4.98
      vertex 32.73507226031209 21.748393496944423 4.98
      vertex 31.75 21.75025 4.98
    endloop
  endfacet
  facet normal 0 0 1
    outer loop
      vertex 31.75 21.75025 4.98
      vertex 32.73507226031209 21.748393496944423 4.98
      vertex 32.73014689901052 21.7984015294597 4.98
    endloop
  endfacet
  facet normal 0 0 1
    outer loop
      vertex 32.73507226031209 21.748393496944423 4.98
      vertex 33.710657736262085 21.893107931947533 4.98
      vertex 32.73014689901052 21.7984015294597 4.98
    endloop
  endfacet
  facet normal 0 0 1
    outer loop
      vertex 32.73014689901052 21.7984015294597 4.98
      vertex 33.710657736262085 21.893107931947533 4.98
      vertex 33.70085444758078 21.942392392287797 4.98
    endloop
  endfacet
  facet normal 0 0 1
    outer loop
      vertex 33.710657736262085 21.893107931947533 4.98
      vertex 34.66736100640735 22.1327496258913 4.98
      vertex 33.70085444758078 21.942392392287797 4.98
    endloop
  endfacet
  facet normal 0 0 1
    outer loop
      vertex 33.70085444758078 21.942392392287797 4.98
      vertex 34.66736100640735 22.1327496258913 4.98
      vertex 34.65277420137531 22.180835877761844 4.98
    endloop
  endfacet
  facet normal 0 0 1
    outer loop
      vertex 34.65277420137531 22.180835877761844 4.98
      vertex 34.66736100640735 22.1327496258913 4.98
      vertex 35.595968495269155 22.46501069826157 4.98
    endloop
  endfacet
  facet normal 0 0 1
    outer loop
      vertex 34.65277420137531 22.180835877761844 4.98
      vertex 35.595968495269155 22.46501069826157 4.98
      vertex 35.576738652792805 22.51143564477026 4.98
    endloop
  endfacet
  facet normal 0 0 1
    outer loop
      vertex 35.595968495269155 22.46501069826157 4.98
      vertex 36.487537205101276 22.88669129329903 4.98
      vertex 35.576738652792805 22.51143564477026 4.98
    endloop
  endfacet
  facet normal 0 0 1
    outer loop
      vertex 35.576738652792805 22.51143564477026 4.98
      vertex 36.487537205101276 22.88669129329903 4.98
      vertex 36.46384951907577 22.931007836832535 4.98
    endloop
  endfacet
  facet normal 0 0 1
    outer loop
      vertex 36.46384951907577 22.931007836832535 4.98
      vertex 36.487537205101276 22.88669129329903 4.98
      vertex 37.333480841847 23.393730396359423 4.98
    endloop
  endfacet
  facet normal 0 0 1
    outer loop
      vertex 36.46384951907577 22.931007836832535 4.98
      vertex 37.333480841847 23.393730396359423 4.98
      vertex 37.305563437637765 23.435511744377624 4.98
    endloop
  endfacet
  facet normal 0 0 1
    outer loop
      vertex 37.333480841847 23.393730396359423 4.98
      vertex 38.125652505844634 23.981244943704496 4.98
      vertex 37.305563437637765 23.435511744377624 4.98
    endloop
  endfacet
  facet normal 0 0 1
    outer loop
      vertex 37.305563437637765 23.435511744377624 4.98
      vertex 38.125652505844634 23.981244943704496 4.98
      vertex 38.093774243315416 24.02008871898597 4.98
    endloop
  endfacet
  facet normal 0 0 1
    outer loop
      vertex 38.125652505844634 23.981244943704496 4.98
      vertex 38.856423150924805 24.6435768490752 4.98
      vertex 38.093774243315416 24.02008871898597 4.98
    endloop
  endfacet
  facet normal 0 0 1
    outer loop
      vertex 38.093774243315416 24.02008871898597 4.98
      vertex 38.856423150924805 24.6435768490752 4.98
      vertex 38.82089103517018 24.679108964829823 4.98
    endloop
  endfacet
  facet normal 0 0 1
    outer loop
      vertex 38.82089103517018 24.679108964829823 4.98
      vertex 38.856423150924805 24.6435768490752 4.98
      vertex 39.518755056295504 25.374347494155366 4.98
    endloop
  endfacet
  facet normal 0 0 1
    outer loop
      vertex 38.82089103517018 24.679108964829823 4.98
      vertex 39.518755056295504 25.374347494155366 4.98
      vertex 39.479911281014026 25.406225756684588 4.98
    endloop
  endfacet
  facet normal 0 0 1
    outer loop
      vertex 39.479911281014026 25.406225756684588 4.98
      vertex 39.518755056295504 25.374347494155366 4.98
      vertex 40.10626960364058 26.166519158152997 4.98
    endloop
  endfacet
  facet normal 0 0 1
    outer loop
      vertex 39.479911281014026 25.406225756684588 4.98
      vertex 40.10626960364058 26.166519158152997 4.98
      vertex 40.06448825562238 26.194436562362235 4.98
    endloop
  endfacet
  facet normal 0 0 1
    outer loop
      vertex 40.06448825562238 26.194436562362235 4.98
      vertex 40.10626960364058 26.166519158152997 4.98
      vertex 40.61330870670097 27.012462794898724 4.98
    endloop
  endfacet
  facet normal 0 0 1
    outer loop
      vertex 40.06448825562238 26.194436562362235 4.98
      vertex 40.61330870670097 27.012462794898724 4.98
      vertex 40.568992163167465 27.03615048092423 4.98
    endloop
  endfacet
  facet normal 0 0 1
    outer loop
      vertex 40.61330870670097 27.012462794898724 4.98
      vertex 41.034989301738435 27.90403150473085 4.98
      vertex 40.568992163167465 27.03615048092423 4.98
    endloop
  endfacet
  facet normal 0 0 1
    outer loop
      vertex 40.568992163167465 27.03615048092423 4.98
      vertex 41.034989301738435 27.90403150473085 4.98
      vertex 40.98856435522974 27.923261347207195 4.98
    endloop
  endfacet
  facet normal 0 0 1
    outer loop
      vertex 40.98856435522974 27.923261347207195 4.98
      vertex 41.034989301738435 27.90403150473085 4.98
      vertex 41.3672503741087 28.832638993592653 4.98
    endloop
  endfacet
  facet normal 0 0 1
    outer loop
      vertex 40.98856435522974 27.923261347207195 4.98
      vertex 41.3672503741087 28.832638993592653 4.98
      vertex 41.319164122238156 28.84722579862469 4.98
    endloop
  endfacet
  facet normal 0 0 1
    outer loop
      vertex 41.319164122238156 28.84722579862469 4.98
      vertex 41.3672503741087 28.832638993592653 4.98
      vertex 41.60689206805247 29.78934226373791 4.98
    endloop
  endfacet
  facet normal 0 0 1
    outer loop
      vertex 41.319164122238156 28.84722579862469 4.98
      vertex 41.60689206805247 29.78934226373791 4.98
      vertex 41.5576076077122 29.799145552419223 4.98
    endloop
  endfacet
  facet normal 0 0 1
    outer loop
      vertex 41.5576076077122 29.799145552419223 4.98
      vertex 41.60689206805247 29.78934226373791 4.98
      vertex 41.75160650305558 30.764927739687916 4.98
    endloop
  endfacet
  facet normal 0 0 1
    outer loop
      vertex 41.5576076077122 29.799145552419223 4.98
      vertex 41.75160650305558 30.764927739687916 4.98
      vertex 41.701598470540304 30.769853100989476 4.98
    endloop
  endfacet
  facet normal 0 0 1
    outer loop
      vertex 41.701598470540304 30.769853100989476 4.98
      vertex 41.75160650305558 30.764927739687916 4.98
      vertex 41.74975 31.75 4.98
    endloop
  endfacet
  facet normal -0.049067674327417196 0.9987954562051724 0
    outer loop
      vertex 31.75 21.700000000000003 4.98
      vertex 31.75 21.700000000000003 10.99
      vertex 32.73507226031209 21.748393496944423 4.98
    endloop
  endfacet
  facet normal -0.14673047445535964 0.9891765099647813 0
    outer loop
      vertex 32.73507226031209 21.748393496944423 4.98
      vertex 32.73507226031209 21.748393496944423 10.99
      vertex 33.710657736262085 21.893107931947533 4.98
    endloop
  endfacet
  facet normal -0.24298017990326307 0.9700312531945441 0
    outer loop
      vertex 33.710657736262085 21.893107931947533 4.98
      vertex 33.710657736262085 21.893107931947533 10.99
      vertex 34.66736100640735 22.1327496258913 4.98
    endloop
  endfacet
  facet normal -0.3368898533922209 0.9415440651830205 0
    outer loop
      vertex 34.66736100640735 22.1327496258913 4.98
      vertex 34.66736100640735 22.1327496258913 10.99
      vertex 35.595968495269155 22.46501069826157 4.98
    endloop
  endfacet
  facet normal -0.4275550934302811 0.9039892931234439 0
    outer loop
      vertex 35.595968495269155 22.46501069826157 4.98
      vertex 35.595968495269155 22.46501069826157 10.99
      vertex 36.487537205101276 22.88669129329903 4.98
    endloop
  endfacet
  facet normal -0.5141027441932264 0.8577286100002692 0
    outer loop
      vertex 36.487537205101276 22.88669129329903 4.98
      vertex 36.487537205101276 22.88669129329903 10.99
      vertex 37.333480841847 23.393730396359423 4.98
    endloop
  endfacet
  facet normal -0.595699304492433 0.8032075314806452 0
    outer loop
      vertex 37.333480841847 23.393730396359423 4.98
      vertex 37.333480841847 23.393730396359423 10.99
      vertex 38.125652505844634 23.981244943704496 4.98
    endloop
  endfacet
  facet normal -0.6715589548470153 0.7409511253549619 0
    outer loop
      vertex 38.125652505844634 23.981244943704496 4.98
      vertex 38.125652505844634 23.981244943704496 10.99
      vertex 38.856423150924805 24.6435768490752 4.98
    endloop
  endfacet
  facet normal -0.740951125354962 0.6715589548470151 0
    outer loop
      vertex 38.856423150924805 24.6435768490752 4.98
      vertex 38.856423150924805 24.6435768490752 10.99
      vertex 39.518755056295504 25.374347494155366 4.98
    endloop
  endfacet
  facet normal -0.8032075314806438 0.5956993044924347 0
    outer loop
      vertex 39.518755056295504 25.374347494155366 4.98
      vertex 39.518755056295504 25.374347494155366 10.99
      vertex 40.10626960364058 26.166519158152997 4.98
    endloop
  endfacet
  facet normal -0.8577286100002702 0.5141027441932249 0
    outer loop
      vertex 40.10626960364058 26.166519158152997 4.98
      vertex 40.10626960364058 26.166519158152997 10.99
      vertex 40.61330870670097 27.012462794898724 4.98
    endloop
  endfacet
  facet normal -0.9039892931234431 0.42755509343028264 0
    outer loop
      vertex 40.61330870670097 27.012462794898724 4.98
      vertex 40.61330870670097 27.012462794898724 10.99
      vertex 41.034989301738435 27.90403150473085 4.98
    endloop
  endfacet
  facet normal -0.9415440651830213 0.33688985339221883 0
    outer loop
      vertex 41.034989301738435 27.90403150473085 4.98
      vertex 41.034989301738435 27.90403150473085 10.99
      vertex 41.3672503741087 28.832638993592653 4.98
    endloop
  endfacet
  facet normal -0.970031253194544 0.24298017990326395 0
    outer loop
      vertex 41.3672503741087 28.832638993592653 4.98
      vertex 41.3672503741087 28.832638993592653 10.99
      vertex 41.60689206805247 29.78934226373791 4.98
    endloop
  endfacet
  facet normal -0.9891765099647815 0.14673047445535858 0
    outer loop
      vertex 41.60689206805247 29.78934226373791 4.98
      vertex 41.60689206805247 29.78934226373791 10.99
      vertex 41.75160650305558 30.764927739687916 4.98
    endloop
  endfacet
  facet normal -0.9987954562051724 0.04906767432741737 0
    outer loop
      vertex 41.75160650305558 30.764927739687916 4.98
      vertex 41.75160650305558 30.764927739687916 10.99
      vertex 41.8 31.75 4.98
    endloop
  endfacet
  facet normal -0.049067674327417196 0.9987954562051724 0
    outer loop
      vertex 32.73507226031209 21.748393496944423 4.98
      vertex 31.75 21.700000000000003 10.99
      vertex 32.73507226031209 21.748393496944423 10.99
    endloop
  endfacet
  facet normal -0.14673047445535964 0.9891765099647813 0
    outer loop
      vertex 33.710657736262085 21.893107931947533 4.98
      vertex 32.73507226031209 21.748393496944423 10.99
      vertex 33.710657736262085 21.893107931947533 10.99
    endloop
  endfacet
  facet normal -0.24298017990326307 0.9700312531945441 0
    outer loop
      vertex 34.66736100640735 22.1327496258913 4.98
      vertex 33.710657736262085 21.893107931947533 10.99
      vertex 34.66736100640735 22.1327496258913 10.99
    endloop
  endfacet
  facet normal -0.3368898533922209 0.9415440651830205 0
    outer loop
      vertex 35.595968495269155 22.46501069826157 4.98
      vertex 34.66736100640735 22.1327496258913 10.99
      vertex 35.595968495269155 22.46501069826157 10.99
    endloop
  endfacet
  facet normal -0.4275550934302811 0.9039892931234439 0
    outer loop
      vertex 36.487537205101276 22.88669129329903 4.98
      vertex 35.595968495269155 22.46501069826157 10.99
      vertex 36.487537205101276 22.88669129329903 10.99
    endloop
  endfacet
  facet normal -0.5141027441932264 0.8577286100002692 0
    outer loop
      vertex 37.333480841847 23.393730396359423 4.98
      vertex 36.487537205101276 22.88669129329903 10.99
      vertex 37.333480841847 23.393730396359423 10.99
    endloop
  endfacet
  facet normal -0.595699304492433 0.8032075314806452 0
    outer loop
      vertex 38.125652505844634 23.981244943704496 4.98
      vertex 37.333480841847 23.393730396359423 10.99
      vertex 38.125652505844634 23.981244943704496 10.99
    endloop
  endfacet
  facet normal -0.6715589548470153 0.7409511253549619 0
    outer loop
      vertex 38.856423150924805 24.6435768490752 4.98
      vertex 38.125652505844634 23.981244943704496 10.99
      vertex 38.856423150924805 24.6435768490752 10.99
    endloop
  endfacet
  facet normal -0.740951125354962 0.6715589548470151 0
    outer loop
      vertex 39.518755056295504 25.374347494155366 4.98
      vertex 38.856423150924805 24.6435768490752 10.99
      vertex 39.518755056295504 25.374347494155366 10.99
    endloop
  endfacet
  facet normal -0.8032075314806438 0.5956993044924347 0
    outer loop
      vertex 40.10626960364058 26.166519158152997 4.98
      vertex 39.518755056295504 25.374347494155366 10.99
      vertex 40.10626960364058 26.166519158152997 10.99
    endloop
  endfacet
  facet normal -0.8577286100002702 0.5141027441932249 0
    outer loop
      vertex 40.61330870670097 27.012462794898724 4.98
      vertex 40.10626960364058 26.166519158152997 10.99
      vertex 40.61330870670097 27.012462794898724 10.99
    endloop
  endfacet
  facet normal -0.9039892931234431 0.42755509343028264 0
    outer loop
      vertex 41.034989301738435 27.90403150473085 4.98
      vertex 40.61330870670097 27.012462794898724 10.99
      vertex 41.034989301738435 27.90403150473085 10.99
    endloop
  endfacet
  facet normal -0.9415440651830213 0.33688985339221883 0
    outer loop
      vertex 41.3672503741087 28.832638993592653 4.98
      vertex 41.034989301738435 27.90403150473085 10.99
      vertex 41.3672503741087 28.832638993592653 10.99
    endloop
  endfacet
  facet normal -0.970031253194544 0.24298017990326395 0
    outer loop
      vertex 41.60689206805247 29.78934226373791 4.98
      vertex 41.3672503741087 28.832638993592653 10.99
      vertex 41.60689206805247 29.78934226373791 10.99
    endloop
  endfacet
  facet normal -0.9891765099647815 0.14673047445535858 0
    outer loop
      vertex 41.75160650305558 30.764927739687916 4.98
      vertex 41.60689206805247 29.78934226373791 10.99
      vertex 41.75160650305558 30.764927739687916 10.99
    endloop
  endfacet
  facet normal -0.9987954562051724 0.04906767432741737 6.358442728017785e-20
    outer loop
      vertex 41.75160650305558 30.764927739687916 10.99
      vertex 41.8 31.75 10.99
      vertex 41.8 31.75 4.98
    endloop
  endfacet
  facet normal 0 0 1
    outer loop
      vertex 38.82089103517018 38.82089103517018 4.98
      vertex 38.856423150924805 38.856423150924805 4.98
      vertex 38.125652505844634 39.518755056295504 4.98
    endloop
  endfacet
  facet normal 0 0 1
    outer loop
      vertex 38.82089103517018 38.82089103517018 4.98
      vertex 38.125652505844634 39.518755056295504 4.98
      vertex 38.093774243315416 39.479911281014026 4.98
    endloop
  endfacet
  facet normal 0 0 1
    outer loop
      vertex 38.82089103517018 38.82089103517018 4.98
      vertex 39.479911281014026 38.093774243315416 4.98
      vertex 38.856423150924805 38.856423150924805 4.98
    endloop
  endfacet
  facet normal 0 0 1
    outer loop
      vertex 38.856423150924805 38.856423150924805 4.98
      vertex 39.479911281014026 38.093774243315416 4.98
      vertex 39.518755056295504 38.125652505844634 4.98
    endloop
  endfacet
  facet normal 0 0 1
    outer loop
      vertex 32.73014689901052 41.701598470540304 4.98
      vertex 33.70085444758078 41.5576076077122 4.98
      vertex 32.73507226031209 41.75160650305558 4.98
    endloop
  endfacet
  facet normal 0 0 1
    outer loop
      vertex 32.73507226031209 41.75160650305558 4.98
      vertex 33.70085444758078 41.5576076077122 4.98
      vertex 33.710657736262085 41.60689206805247 4.98
    endloop
  endfacet
  facet normal 0 0 1
    outer loop
      vertex 31.75 41.74975 4.98
      vertex 32.73014689901052 41.701598470540304 4.98
      vertex 31.75 41.8 4.98
    endloop
  endfacet
  facet normal 0 0 1
    outer loop
      vertex 31.75 41.8 4.98
      vertex 32.73014689901052 41.701598470540304 4.98
      vertex 32.73507226031209 41.75160650305558 4.98
    endloop
  endfacet
  facet normal 0 0 1
    outer loop
      vertex 33.70085444758078 41.5576076077122 4.98
      vertex 34.65277420137531 41.319164122238156 4.98
      vertex 33.710657736262085 41.60689206805247 4.98
    endloop
  endfacet
  facet normal 0 0 1
    outer loop
      vertex 33.710657736262085 41.60689206805247 4.98
      vertex 34.65277420137531 41.319164122238156 4.98
      vertex 34.66736100640735 41.3672503741087 4.98
    endloop
  endfacet
  facet normal 0 0 1
    outer loop
      vertex 34.65277420137531 41.319164122238156 4.98
      vertex 35.576738652792805 40.98856435522974 4.98
      vertex 34.66736100640735 41.3672503741087 4.98
    endloop
  endfacet
  facet normal 0 0 1
    outer loop
      vertex 34.66736100640735 41.3672503741087 4.98
      vertex 35.576738652792805 40.98856435522974 4.98
      vertex 35.595968495269155 41.034989301738435 4.98
    endloop
  endfacet
  facet normal 0 0 1
    outer loop
      vertex 36.46384951907577 40.568992163167465 4.98
      vertex 35.595968495269155 41.034989301738435 4.98
      vertex 35.576738652792805 40.98856435522974 4.98
    endloop
  endfacet
  facet normal 0 0 1
    outer loop
      vertex 36.46384951907577 40.568992163167465 4.98
      vertex 36.487537205101276 40.61330870670097 4.98
      vertex 35.595968495269155 41.034989301738435 4.98
    endloop
  endfacet
  facet normal 0 0 1
    outer loop
      vertex 36.46384951907577 40.568992163167465 4.98
      vertex 37.305563437637765 40.06448825562238 4.98
      vertex 36.487537205101276 40.61330870670097 4.98
    endloop
  endfacet
  facet normal 0 0 1
    outer loop
      vertex 36.487537205101276 40.61330870670097 4.98
      vertex 37.305563437637765 40.06448825562238 4.98
      vertex 37.333480841847 40.10626960364058 4.98
    endloop
  endfacet
  facet normal 0 0 1
    outer loop
      vertex 37.305563437637765 40.06448825562238 4.98
      vertex 38.093774243315416 39.479911281014026 4.98
      vertex 37.333480841847 40.10626960364058 4.98
    endloop
  endfacet
  facet normal 0 0 1
    outer loop
      vertex 37.333480841847 40.10626960364058 4.98
      vertex 38.093774243315416 39.479911281014026 4.98
      vertex 38.125652505844634 39.518755056295504 4.98
    endloop
  endfacet
  facet normal 0 0 1
    outer loop
      vertex 41.701598470540304 32.73014689901052 4.98
      vertex 41.60689206805247 33.710657736262085 4.98
      vertex 41.5576076077122 33.70085444758078 4.98
    endloop
  endfacet
  facet normal 0 0 1
    outer loop
      vertex 41.3672503741087 34.66736100640735 4.98
      vertex 41.5576076077122 33.70085444758078 4.98
      vertex 41.60689206805247 33.710657736262085 4.98
    endloop
  endfacet
  facet normal 0 0 1
    outer loop
      vertex 41.319164122238156 34.65277420137531 4.98
      vertex 41.5576076077122 33.70085444758078 4.98
      vertex 41.3672503741087 34.66736100640735 4.98
    endloop
  endfacet
  facet normal 0 0 1
    outer loop
      vertex 41.319164122238156 34.65277420137531 4.98
      vertex 41.034989301738435 35.595968495269155 4.98
      vertex 40.98856435522974 35.576738652792805 4.98
    endloop
  endfacet
  facet normal 0 0 1
    outer loop
      vertex 41.319164122238156 34.65277420137531 4.98
      vertex 41.3672503741087 34.66736100640735 4.98
      vertex 41.034989301738435 35.595968495269155 4.98
    endloop
  endfacet
  facet normal 0 0 1
    outer loop
      vertex 41.75160650305558 30.764927739687916 4.98
      vertex 41.75160650305558 32.73507226031209 4.98
      vertex 41.74975 31.75 4.98
    endloop
  endfacet
  facet normal 0 0 1
    outer loop
      vertex 41.75160650305558 30.764927739687916 4.98
      vertex 41.8 31.75 4.98
      vertex 41.75160650305558 32.73507226031209 4.98
    endloop
  endfacet
  facet normal 0 0 1
    outer loop
      vertex 41.74975 31.75 4.98
      vertex 41.75160650305558 32.73507226031209 4.98
      vertex 41.701598470540304 32.73014689901052 4.98
    endloop
  endfacet
  facet normal 0 0 1
    outer loop
      vertex 41.701598470540304 32.73014689901052 4.98
      vertex 41.75160650305558 32.73507226031209 4.98
      vertex 41.60689206805247 33.710657736262085 4.98
    endloop
  endfacet
  facet normal 0 0 1
    outer loop
      vertex 40.06448825562238 37.305563437637765 4.98
      vertex 40.10626960364058 37.333480841847 4.98
      vertex 39.518755056295504 38.125652505844634 4.98
    endloop
  endfacet
  facet normal 0 0 1
    outer loop
      vertex 40.568992163167465 36.46384951907577 4.98
      vertex 40.61330870670097 36.487537205101276 4.98
      vertex 40.10626960364058 37.333480841847 4.98
    endloop
  endfacet
  facet normal 0 0 1
    outer loop
      vertex 40.568992163167465 36.46384951907577 4.98
      vertex 40.10626960364058 37.333480841847 4.98
      vertex 40.06448825562238 37.305563437637765 4.98
    endloop
  endfacet
  facet normal 0 0 1
    outer loop
      vertex 40.61330870670097 36.487537205101276 4.98
      vertex 40.98856435522974 35.576738652792805 4.98
      vertex 41.034989301738435 35.595968495269155 4.98
    endloop
  endfacet
  facet normal 0 0 1
    outer loop
      vertex 40.568992163167465 36.46384951907577 4.98
      vertex 40.98856435522974 35.576738652792805 4.98
      vertex 40.61330870670097 36.487537205101276 4.98
    endloop
  endfacet
  facet normal 0 0 1
    outer loop
      vertex 40.06448825562238 37.305563437637765 4.98
      vertex 39.518755056295504 38.125652505844634 4.98
      vertex 39.479911281014026 38.093774243315416 4.98
    endloop
  endfacet
  facet normal -0.6715589548470134 -0.7409511253549637 0
    outer loop
      vertex 38.856423150924805 38.856423150924805 4.98
      vertex 38.856423150924805 38.856423150924805 10.99
      vertex 38.125652505844634 39.518755056295504 4.98
    endloop
  endfacet
  facet normal -0.7409511253549637 -0.6715589548470134 3.937454461923874e-18
    outer loop
      vertex 38.856423150924805 38.856423150924805 4.98
      vertex 39.518755056295504 38.125652505844634 4.98
      vertex 39.518755056295504 38.125652505844634 10.99
    endloop
  endfacet
  facet normal -0.14673047445535964 -0.9891765099647813 -1.6546863812824673e-18
    outer loop
      vertex 32.73507226031209 41.75160650305558 4.98
      vertex 33.710657736262085 41.60689206805247 4.98
      vertex 33.710657736262085 41.60689206805247 10.99
    endloop
  endfacet
  facet normal -0.049067674327417196 -0.9987954562051724 1.969181123243575e-19
    outer loop
      vertex 31.75 41.8 4.98
      vertex 32.73507226031209 41.75160650305558 4.98
      vertex 32.73507226031209 41.75160650305558 10.99
    endloop
  endfacet
  facet normal -0.24298017990326307 -0.9700312531945441 1.1876875503588934e-18
    outer loop
      vertex 33.710657736262085 41.60689206805247 4.98
      vertex 34.66736100640735 41.3672503741087 4.98
      vertex 34.66736100640735 41.3672503741087 10.99
    endloop
  endfacet
  facet normal -0.33688985339221766 -0.9415440651830216 3.3921720639390928e-18
    outer loop
      vertex 34.66736100640735 41.3672503741087 4.98
      vertex 35.595968495269155 41.034989301738435 4.98
      vertex 35.595968495269155 41.034989301738435 10.99
    endloop
  endfacet
  facet normal -0.427555093430284 -0.9039892931234423 0
    outer loop
      vertex 36.487537205101276 40.61330870670097 4.98
      vertex 36.487537205101276 40.61330870670097 10.99
      vertex 35.595968495269155 41.034989301738435 4.98
    endloop
  endfacet
  facet normal -0.5141027441932264 -0.8577286100002692 -1.7826925193882497e-18
    outer loop
      vertex 36.487537205101276 40.61330870670097 4.98
      vertex 37.333480841847 40.10626960364058 4.98
      vertex 37.333480841847 40.10626960364058 10.99
    endloop
  endfacet
  facet normal -0.595699304492433 -0.8032075314806452 -2.547617087482405e-18
    outer loop
      vertex 37.333480841847 40.10626960364058 4.98
      vertex 38.125652505844634 39.518755056295504 4.98
      vertex 38.125652505844634 39.518755056295504 10.99
    endloop
  endfacet
  facet normal -0.9700312531945441 -0.24298017990326307 1.1876875503588934e-18
    outer loop
      vertex 41.3672503741087 34.66736100640735 4.98
      vertex 41.60689206805247 33.710657736262085 4.98
      vertex 41.60689206805247 33.710657736262085 10.99
    endloop
  endfacet
  facet normal -0.9415440651830216 -0.33688985339221766 0
    outer loop
      vertex 41.3672503741087 34.66736100640735 4.98
      vertex 41.3672503741087 34.66736100640735 10.99
      vertex 41.034989301738435 35.595968495269155 4.98
    endloop
  endfacet
  facet normal -0.9987954562051724 -0.049067674327417196 0
    outer loop
      vertex 41.8 31.75 4.98
      vertex 41.8 31.75 10.99
      vertex 41.75160650305558 32.73507226031209 4.98
    endloop
  endfacet
  facet normal -0.9891765099647813 -0.14673047445535964 0
    outer loop
      vertex 41.75160650305558 32.73507226031209 4.98
      vertex 41.75160650305558 32.73507226031209 10.99
      vertex 41.60689206805247 33.710657736262085 4.98
    endloop
  endfacet
  facet normal -0.8032075314806452 -0.595699304492433 0
    outer loop
      vertex 40.10626960364058 37.333480841847 4.98
      vertex 40.10626960364058 37.333480841847 10.99
      vertex 39.518755056295504 38.125652505844634 4.98
    endloop
  endfacet
  facet normal -0.8577286100002692 -0.5141027441932264 0
    outer loop
      vertex 40.61330870670097 36.487537205101276 4.98
      vertex 40.61330870670097 36.487537205101276 10.99
      vertex 40.10626960364058 37.333480841847 4.98
    endloop
  endfacet
  facet normal -0.9039892931234423 -0.427555093430284 -3.9657115560717634e-18
    outer loop
      vertex 40.61330870670097 36.487537205101276 4.98
      vertex 41.034989301738435 35.595968495269155 4.98
      vertex 41.034989301738435 35.595968495269155 10.99
    endloop
  endfacet
  facet normal -0.6715589548470134 -0.7409511253549637 0
    outer loop
      vertex 38.125652505844634 39.518755056295504 4.98
      vertex 38.856423150924805 38.856423150924805 10.99
      vertex 38.125652505844634 39.518755056295504 10.99
    endloop
  endfacet
  facet normal -0.7409511253549637 -0.6715589548470134 0
    outer loop
      vertex 38.856423150924805 38.856423150924805 4.98
      vertex 39.518755056295504 38.125652505844634 10.99
      vertex 38.856423150924805 38.856423150924805 10.99
    endloop
  endfacet
  facet normal -0.049067674327417196 -0.9987954562051724 0
    outer loop
      vertex 31.75 41.8 4.98
      vertex 32.73507226031209 41.75160650305558 10.99
      vertex 31.75 41.8 10.99
    endloop
  endfacet
  facet normal -0.14673047445535964 -0.9891765099647813 0
    outer loop
      vertex 32.73507226031209 41.75160650305558 4.98
      vertex 33.710657736262085 41.60689206805247 10.99
      vertex 32.73507226031209 41.75160650305558 10.99
    endloop
  endfacet
  facet normal -0.24298017990326307 -0.9700312531945441 0
    outer loop
      vertex 33.710657736262085 41.60689206805247 4.98
      vertex 34.66736100640735 41.3672503741087 10.99
      vertex 33.710657736262085 41.60689206805247 10.99
    endloop
  endfacet
  facet normal -0.33688985339221766 -0.9415440651830216 0
    outer loop
      vertex 34.66736100640735 41.3672503741087 4.98
      vertex 35.595968495269155 41.034989301738435 10.99
      vertex 34.66736100640735 41.3672503741087 10.99
    endloop
  endfacet
  facet normal -0.427555093430284 -0.9039892931234423 0
    outer loop
      vertex 35.595968495269155 41.034989301738435 4.98
      vertex 36.487537205101276 40.61330870670097 10.99
      vertex 35.595968495269155 41.034989301738435 10.99
    endloop
  endfacet
  facet normal -0.5141027441932264 -0.8577286100002692 0
    outer loop
      vertex 36.487537205101276 40.61330870670097 4.98
      vertex 37.333480841847 40.10626960364058 10.99
      vertex 36.487537205101276 40.61330870670097 10.99
    endloop
  endfacet
  facet normal -0.595699304492433 -0.8032075314806452 0
    outer loop
      vertex 37.333480841847 40.10626960364058 4.98
      vertex 38.125652505844634 39.518755056295504 10.99
      vertex 37.333480841847 40.10626960364058 10.99
    endloop
  endfacet
  facet normal -0.9891765099647813 -0.14673047445535964 0
    outer loop
      vertex 41.60689206805247 33.710657736262085 4.98
      vertex 41.75160650305558 32.73507226031209 10.99
      vertex 41.60689206805247 33.710657736262085 10.99
    endloop
  endfacet
  facet normal -0.9700312531945441 -0.24298017990326307 0
    outer loop
      vertex 41.3672503741087 34.66736100640735 4.98
      vertex 41.60689206805247 33.710657736262085 10.99
      vertex 41.3672503741087 34.66736100640735 10.99
    endloop
  endfacet
  facet normal -0.9415440651830216 -0.33688985339221766 0
    outer loop
      vertex 41.034989301738435 35.595968495269155 4.98
      vertex 41.3672503741087 34.66736100640735 10.99
      vertex 41.034989301738435 35.595968495269155 10.99
    endloop
  endfacet
  facet normal -0.9987954562051724 -0.049067674327417196 0
    outer loop
      vertex 41.75160650305558 32.73507226031209 4.98
      vertex 41.8 31.75 10.99
      vertex 41.75160650305558 32.73507226031209 10.99
    endloop
  endfacet
  facet normal -0.8577286100002692 -0.5141027441932264 0
    outer loop
      vertex 40.10626960364058 37.333480841847 4.98
      vertex 40.61330870670097 36.487537205101276 10.99
      vertex 40.10626960364058 37.333480841847 10.99
    endloop
  endfacet
  facet normal -0.9039892931234423 -0.427555093430284 0
    outer loop
      vertex 40.61330870670097 36.487537205101276 4.98
      vertex 41.034989301738435 35.595968495269155 10.99
      vertex 40.61330870670097 36.487537205101276 10.99
    endloop
  endfacet
  facet normal -0.8032075314806452 -0.595699304492433 0
    outer loop
      vertex 39.518755056295504 38.125652505844634 4.98
      vertex 40.10626960364058 37.333480841847 10.99
      vertex 39.518755056295504 38.125652505844634 10.99
    endloop
  endfacet
endsolid OpenSCAD_Model
